Root,Dscore,Statistic,Pvalue,AdjPvalue
4,0.9687,8.402,2.2e-17,1.51e-14
7,0.9532,8.784,7.91e-19,5.44e-16
10,0.8137,7.59,1.6e-14,1.1e-11
14,0.9726,8.702,1.63e-18,1.12e-15
14,0.9513,8.447,1.49e-17,1.03e-14
14,0.9026,8.418,1.92e-17,1.32e-14
14,0.8996,8.294,5.49e-17,3.78e-14
14,0.9415,8.244,8.33e-17,5.73e-14
14,0.9455,8.171,1.52e-16,1.05e-13
14,0.9178,8.164,1.62e-16,1.12e-13
14,0.8362,7.757,4.33e-15,2.98e-12
14,0.8255,7.62,1.27e-14,8.72e-12
14,0.7705,7.403,6.63e-14,4.56e-11
15,0.9636,8.938,1.98e-19,1.36e-16
15,0.94,8.418,1.92e-17,1.32e-14
15,0.8952,8.367,2.95e-17,2.03e-14
15,0.8954,8.235,8.95e-17,6.16e-14
15,0.8356,7.799,3.11e-15,2.14e-12
15,0.8197,7.676,8.21e-15,5.65e-12
15,0.5986,6.209,2.67e-10,1.84e-7
16,1,8.771,8.87e-19,6.1e-16
16,0.9735,8.601,3.96e-18,2.73e-15
16,1,8.446,1.51e-17,1.04e-14
16,0.9873,8.357,3.21e-17,2.21e-14
17,0.9647,8.67,2.15e-18,1.48e-15
17,0.9676,8.655,2.47e-18,1.7e-15
17,0.9924,8.639,2.84e-18,1.96e-15
17,0.9289,8.566,5.37e-18,3.69e-15
17,0.9238,8.561,5.61e-18,3.86e-15
17,0.9833,8.537,6.91e-18,4.75e-15
17,0.9788,8.523,7.8e-18,5.37e-15
17,0.9759,8.462,1.31e-17,9.03e-15
17,0.9772,8.447,1.49e-17,1.02e-14
17,0.943,8.394,2.35e-17,1.62e-14
17,0.9924,8.393,2.37e-17,1.63e-14
17,0.992,8.385,2.54e-17,1.75e-14
17,1,8.295,5.43e-17,3.74e-14
17,0.8214,7.694,7.15e-15,4.92e-12
17,0.8499,7.691,7.32e-15,5.04e-12
17,0.7415,7.27,1.8e-13,1.24e-10
18,0.9979,8.543,6.56e-18,4.51e-15
18,0.9979,8.511,8.61e-18,5.92e-15
18,0.9395,8.404,2.15e-17,1.48e-14
18,1,8.397,2.28e-17,1.57e-14
18,0.9979,8.347,3.49e-17,2.4e-14
18,0.9979,8.246,8.19e-17,5.63e-14
18,0.9188,8.044,4.35e-16,3e-13
18,0.789,7.581,1.72e-14,1.18e-11
19,0.9758,8.414,1.97e-17,1.36e-14
19,0.9456,8.394,2.35e-17,1.62e-14
19,0.9712,8.371,2.85e-17,1.96e-14
19,0.9481,8.246,8.16e-17,5.61e-14
19,0.927,8.196,1.24e-16,8.55e-14
19,0.9224,8.096,2.85e-16,1.96e-13
20,0.9953,8.998,1.15e-19,7.91e-17
20,0.9986,8.79,7.49e-19,5.15e-16
20,0.9308,8.678,2.02e-18,1.39e-15
20,0.9954,8.676,2.04e-18,1.41e-15
20,1,8.674,2.08e-18,1.43e-15
20,0.9832,8.67,2.15e-18,1.48e-15
20,0.997,8.655,2.46e-18,1.69e-15
20,0.9776,8.655,2.47e-18,1.7e-15
20,0.9754,8.639,2.83e-18,1.95e-15
20,0.9845,8.631,3.05e-18,2.1e-15
20,0.9983,8.628,3.11e-18,2.14e-15
20,0.9986,8.628,3.13e-18,2.16e-15
20,0.9414,8.625,3.2e-18,2.2e-15
20,0.9964,8.622,3.28e-18,2.26e-15
20,1,8.615,3.5e-18,2.41e-15
20,1,8.61,3.65e-18,2.51e-15
20,1,8.597,4.1e-18,2.82e-15
20,0.9986,8.584,4.57e-18,3.14e-15
20,0.9436,8.583,4.6e-18,3.17e-15
20,0.9414,8.583,4.61e-18,3.17e-15
20,0.9954,8.582,4.65e-18,3.2e-15
20,0.9931,8.578,4.81e-18,3.31e-15
20,1,8.57,5.19e-18,3.57e-15
20,0.9729,8.546,6.4e-18,4.4e-15
20,0.9953,8.541,6.66e-18,4.58e-15
20,1,8.533,7.16e-18,4.93e-15
20,0.999,8.508,8.85e-18,6.09e-15
20,1,8.507,8.91e-18,6.13e-15
20,0.9986,8.507,8.92e-18,6.14e-15
20,1,8.505,9.08e-18,6.25e-15
20,0.9308,8.504,9.19e-18,6.33e-15
20,0.997,8.495,9.87e-18,6.79e-15
20,0.9919,8.488,1.05e-17,7.26e-15
20,0.9804,8.479,1.13e-17,7.78e-15
20,1,8.478,1.14e-17,7.86e-15
20,0.9953,8.476,1.17e-17,8.03e-15
20,0.9986,8.472,1.21e-17,8.29e-15
20,0.9636,8.47,1.23e-17,8.45e-15
20,0.9983,8.465,1.28e-17,8.79e-15
20,0.9986,8.455,1.39e-17,9.6e-15
20,1,8.45,1.46e-17,1e-14
20,0.9329,8.449,1.47e-17,1.01e-14
20,0.9979,8.441,1.57e-17,1.08e-14
20,1,8.422,1.85e-17,1.27e-14
20,0.9364,8.409,2.07e-17,1.42e-14
20,0.9979,8.4,2.23e-17,1.53e-14
20,0.9964,8.397,2.29e-17,1.57e-14
20,0.9479,8.381,2.63e-17,1.81e-14
20,1,8.38,2.65e-17,1.82e-14
20,0.9919,8.374,2.79e-17,1.92e-14
20,0.9345,8.372,2.83e-17,1.94e-14
20,0.9958,8.363,3.06e-17,2.11e-14
20,0.9929,8.361,3.11e-17,2.14e-14
20,0.9382,8.357,3.21e-17,2.21e-14
20,0.94,8.34,3.72e-17,2.56e-14
20,0.9588,8.339,3.75e-17,2.58e-14
20,1,8.333,3.93e-17,2.71e-14
20,0.9588,8.325,4.22e-17,2.9e-14
20,0.9308,8.313,4.67e-17,3.21e-14
20,0.9865,8.302,5.11e-17,3.52e-14
20,0.9897,8.275,6.45e-17,4.44e-14
20,0.9248,8.262,7.19e-17,4.94e-14
20,0.9919,8.254,7.66e-17,5.27e-14
20,0.9219,8.246,8.2e-17,5.64e-14
20,0.9382,8.239,8.65e-17,5.95e-14
20,0.9436,8.237,8.83e-17,6.07e-14
20,0.9986,8.234,9.05e-17,6.23e-14
20,0.9962,8.223,9.92e-17,6.83e-14
20,0.997,8.216,1.05e-16,7.22e-14
20,0.9403,8.213,1.08e-16,7.43e-14
20,0.9708,8.205,1.15e-16,7.94e-14
20,0.9635,8.182,1.4e-16,9.62e-14
20,1,8.178,1.44e-16,9.91e-14
20,0.9441,8.171,1.53e-16,1.05e-13
20,0.9171,8.153,1.77e-16,1.22e-13
20,0.9382,8.15,1.82e-16,1.25e-13
20,0.9323,8.133,2.09e-16,1.44e-13
20,0.942,8.133,2.1e-16,1.45e-13
20,0.9879,8.113,2.46e-16,1.69e-13
20,0.8896,8.109,2.56e-16,1.76e-13
20,0.9455,8.1,2.76e-16,1.9e-13
20,0.9104,8.098,2.79e-16,1.92e-13
20,0.9382,8.081,3.21e-16,2.21e-13
20,0.9382,8.055,3.98e-16,2.74e-13
20,0.9635,8.039,4.52e-16,3.11e-13
20,0.8741,7.994,6.53e-16,4.49e-13
20,0.9451,7.985,7e-16,4.82e-13
20,0.8722,7.978,7.44e-16,5.12e-13
20,0.9382,7.964,8.31e-16,5.72e-13
20,0.8099,7.949,9.4e-16,6.47e-13
20,0.8825,7.835,2.34e-15,1.61e-12
20,0.8741,7.746,4.73e-15,3.26e-12
20,0.8694,7.717,5.94e-15,4.08e-12
20,0.8117,7.469,4.03e-14,2.77e-11
20,0.7204,7.289,1.56e-13,1.07e-10
20,0.7023,6.898,2.64e-12,1.81e-9
21,1,8.905,2.67e-19,1.84e-16
21,1,8.824,5.5e-19,3.79e-16
21,0.9385,8.763,9.49e-19,6.53e-16
21,1,8.659,2.39e-18,1.64e-15
21,1,8.655,2.47e-18,1.7e-15
21,0.9401,8.619,3.37e-18,2.32e-15
21,0.9959,8.614,3.52e-18,2.42e-15
21,1,8.556,5.84e-18,4.02e-15
21,1,8.542,6.57e-18,4.52e-15
21,1,8.531,7.26e-18,5e-15
21,1,8.499,9.59e-18,6.6e-15
21,1,8.462,1.31e-17,9.04e-15
21,1,8.388,2.47e-17,1.7e-14
21,0.8503,8.211,1.1e-16,7.55e-14
21,0.8927,8.072,3.47e-16,2.39e-13
21,0.8172,7.958,8.72e-16,6e-13
21,0.5661,6.304,1.45e-10,9.95e-8
22,0.9465,8.58,4.73e-18,3.25e-15
22,0.9465,8.467,1.26e-17,8.64e-15
22,0.9075,8.438,1.61e-17,1.11e-14
22,0.9432,8.32,4.38e-17,3.01e-14
22,0.9465,8.253,7.7e-17,5.29e-14
22,0.9465,8.249,7.99e-17,5.5e-14
22,0.9465,8.192,1.29e-16,8.86e-14
22,0.9099,8.158,1.7e-16,1.17e-13
22,0.9465,8.125,2.25e-16,1.54e-13
22,0.9075,8.003,6.05e-16,4.16e-13
22,0.7699,7.317,1.27e-13,8.75e-11
23,0.9285,8.452,1.43e-17,9.87e-15
23,0.9464,8.383,2.58e-17,1.77e-14
23,0.892,8.319,4.45e-17,3.06e-14
23,0.9205,8.264,7.05e-17,4.85e-14
23,0.9798,8.259,7.33e-17,5.04e-14
23,0.903,8.251,7.84e-17,5.39e-14
23,0.9277,8.211,1.09e-16,7.52e-14
23,0.8873,8.203,1.17e-16,8.07e-14
23,0.8774,8.148,1.86e-16,1.28e-13
23,0.892,8.09,2.98e-16,2.05e-13
23,0.9375,8.042,4.4e-16,3.03e-13
23,0.8775,8.008,5.83e-16,4.01e-13
23,0.8687,7.983,7.15e-16,4.92e-13
23,0.7709,7.688,7.47e-15,5.14e-12
23,0.864,7.633,1.14e-14,7.87e-12
23,0.8916,7.57,1.87e-14,1.29e-11
23,0.7997,7.465,4.17e-14,2.87e-11
23,0.7595,7.178,3.54e-13,2.44e-10
24,0.9821,8.769,8.98e-19,6.18e-16
24,0.9815,8.714,1.46e-18,1.01e-15
24,0.9616,8.565,5.4e-18,3.72e-15
24,0.9616,8.549,6.21e-18,4.27e-15
24,0.9975,8.489,1.04e-17,7.16e-15
24,0.8983,8.44,1.58e-17,1.09e-14
24,0.9821,8.402,2.19e-17,1.51e-14
24,0.9821,8.383,2.57e-17,1.77e-14
24,0.9519,8.344,3.58e-17,2.46e-14
24,0.945,8.317,4.5e-17,3.1e-14
24,0.8983,8.314,4.64e-17,3.19e-14
24,0.9616,8.281,6.13e-17,4.21e-14
24,0.9754,8.272,6.59e-17,4.54e-14
24,0.8923,8.204,1.16e-16,8e-14
24,0.8983,8.174,1.49e-16,1.02e-13
24,0.8983,8.144,1.9e-16,1.31e-13
24,0.8983,8.1,2.74e-16,1.88e-13
24,0.8983,8.065,3.65e-16,2.51e-13
24,0.88,8.034,4.72e-16,3.25e-13
24,0.8983,8.021,5.25e-16,3.61e-13
24,0.8983,7.976,7.56e-16,5.2e-13
24,0.8804,7.943,9.85e-16,6.78e-13
24,0.7441,7.283,1.63e-13,1.12e-10
24,0.7441,7.001,1.27e-12,8.72e-10
25,0.9436,8.503,9.23e-18,6.35e-15
25,0.9809,8.368,2.92e-17,2.01e-14
25,0.9988,8.25,7.92e-17,5.45e-14
25,0.8812,7.996,6.44e-16,4.43e-13
25,0.7293,7.132,4.95e-13,3.4e-10
26,0.9267,8.479,1.14e-17,7.83e-15
26,0.9355,8.466,1.27e-17,8.76e-15
26,0.9372,8.446,1.51e-17,1.04e-14
26,0.9355,8.275,6.44e-17,4.43e-14
26,0.9802,8.216,1.05e-16,7.25e-14
26,0.9655,8.125,2.23e-16,1.54e-13
26,0.8914,8.104,2.65e-16,1.83e-13
26,0.9261,7.908,1.3e-15,8.96e-13
26,0.8863,7.757,4.34e-15,2.99e-12
26,0.6667,7.086,6.93e-13,4.77e-10
27,0.9082,8.396,2.3e-17,1.58e-14
27,0.9082,8.378,2.69e-17,1.85e-14
27,0.9082,8.303,5.06e-17,3.48e-14
27,0.8714,8.137,2.03e-16,1.4e-13
28,0.9589,8.553,6.01e-18,4.13e-15
28,0.9962,8.531,7.25e-18,4.99e-15
28,0.9461,8.501,9.41e-18,6.47e-15
28,0.931,8.49,1.04e-17,7.14e-15
28,0.8773,8.475,1.17e-17,8.07e-15
28,0.9282,8.375,2.76e-17,1.9e-14
28,0.931,8.332,3.97e-17,2.73e-14
28,0.8605,8.303,5.08e-17,3.49e-14
28,0.8943,8.29,5.66e-17,3.9e-14
28,0.8943,8.095,2.86e-16,1.97e-13
28,0.8733,8.081,3.22e-16,2.21e-13
28,0.9276,8.079,3.27e-16,2.25e-13
28,0.8645,7.996,6.44e-16,4.43e-13
28,0.8645,7.944,9.8e-16,6.74e-13
28,0.8703,7.926,1.13e-15,7.76e-13
28,0.8645,7.882,1.61e-15,1.11e-12
28,0.853,7.789,3.39e-15,2.33e-12
28,0.8142,7.765,4.08e-15,2.81e-12
28,0.8645,7.714,6.11e-15,4.2e-12
28,0.8238,7.474,3.88e-14,2.67e-11
28,0.8142,7.4,6.79e-14,4.67e-11
29,1,8.824,5.52e-19,3.8e-16
29,0.9964,8.774,8.59e-19,5.91e-16
29,0.9994,8.764,9.41e-19,6.47e-16
29,1,8.719,1.4e-18,9.66e-16
29,0.9962,8.696,1.72e-18,1.19e-15
29,1,8.63,3.06e-18,2.1e-15
29,0.9964,8.626,3.19e-18,2.19e-15
29,0.9817,8.617,3.44e-18,2.37e-15
29,1,8.609,3.68e-18,2.53e-15
29,1,8.607,3.75e-18,2.58e-15
29,1,8.605,3.81e-18,2.62e-15
29,0.9964,8.586,4.5e-18,3.09e-15
29,0.9632,8.573,5.02e-18,3.46e-15
29,1,8.57,5.19e-18,3.57e-15
29,1,8.568,5.28e-18,3.64e-15
29,1,8.551,6.08e-18,4.19e-15
29,1,8.541,6.66e-18,4.58e-15
29,1,8.531,7.23e-18,4.98e-15
29,0.997,8.524,7.7e-18,5.3e-15
29,1,8.491,1.03e-17,7.06e-15
29,0.9728,8.475,1.18e-17,8.09e-15
29,1,8.456,1.38e-17,9.51e-15
29,0.9962,8.446,1.51e-17,1.04e-14
29,0.997,8.425,1.81e-17,1.25e-14
29,1,8.413,1.99e-17,1.37e-14
29,1,8.409,2.06e-17,1.42e-14
29,1,8.39,2.44e-17,1.68e-14
29,0.9629,8.387,2.49e-17,1.72e-14
29,0.9962,8.387,2.5e-17,1.72e-14
29,1,8.354,3.31e-17,2.28e-14
29,1,8.349,3.43e-17,2.36e-14
29,0.8521,8.345,3.56e-17,2.45e-14
29,0.9962,8.339,3.76e-17,2.59e-14
29,1,8.31,4.77e-17,3.28e-14
29,0.9644,8.296,5.4e-17,3.72e-14
29,0.8725,8.294,5.47e-17,3.76e-14
29,0.9181,8.181,1.41e-16,9.68e-14
29,0.9425,8.175,1.47e-16,1.01e-13
29,1,8.174,1.49e-16,1.03e-13
29,0.9188,8.167,1.58e-16,1.08e-13
29,1,8.165,1.61e-16,1.11e-13
29,1,8.061,3.79e-16,2.61e-13
29,0.8476,8.058,3.88e-16,2.67e-13
29,0.8871,8.052,4.08e-16,2.81e-13
29,0.9198,7.916,1.23e-15,8.44e-13
29,0.8748,7.862,1.89e-15,1.3e-12
29,0.9181,7.81,2.86e-15,1.97e-12
29,0.8593,7.785,3.48e-15,2.39e-12
29,0.8721,7.652,9.88e-15,6.8e-12
29,0.8026,7.601,1.47e-14,1.01e-11
30,0.9631,8.841,4.73e-19,3.25e-16
30,0.9718,8.822,5.61e-19,3.86e-16
30,0.9588,8.77,8.94e-19,6.15e-16
30,0.9459,8.732,1.25e-18,8.62e-16
30,0.9718,8.699,1.67e-18,1.15e-15
30,0.9265,8.684,1.91e-18,1.31e-15
30,0.9647,8.661,2.35e-18,1.61e-15
30,0.9663,8.627,3.16e-18,2.18e-15
30,0.9914,8.605,3.82e-18,2.63e-15
30,0.959,8.583,4.63e-18,3.18e-15
30,0.9718,8.58,4.75e-18,3.27e-15
30,0.9459,8.556,5.85e-18,4.03e-15
30,0.9839,8.548,6.28e-18,4.32e-15
30,0.9459,8.526,7.55e-18,5.19e-15
30,0.9035,8.515,8.3e-18,5.71e-15
30,0.9278,8.501,9.4e-18,6.47e-15
30,0.9459,8.496,9.77e-18,6.72e-15
30,0.9035,8.489,1.04e-17,7.16e-15
30,0.894,8.479,1.13e-17,7.8e-15
30,0.984,8.471,1.22e-17,8.37e-15
30,0.9494,8.461,1.32e-17,9.08e-15
30,0.894,8.432,1.7e-17,1.17e-14
30,0.9745,8.431,1.71e-17,1.18e-14
30,0.9151,8.417,1.93e-17,1.33e-14
30,0.9718,8.417,1.94e-17,1.33e-14
30,0.8914,8.416,1.95e-17,1.34e-14
30,0.9278,8.415,1.96e-17,1.35e-14
30,0.913,8.412,2.01e-17,1.38e-14
30,0.9959,8.404,2.16e-17,1.49e-14
30,0.9278,8.397,2.3e-17,1.58e-14
30,0.9035,8.381,2.63e-17,1.81e-14
30,0.947,8.379,2.66e-17,1.83e-14
30,0.947,8.379,2.67e-17,1.83e-14
30,0.9143,8.376,2.74e-17,1.88e-14
30,0.9631,8.375,2.75e-17,1.89e-14
30,0.9718,8.367,2.94e-17,2.03e-14
30,0.984,8.362,3.1e-17,2.13e-14
30,0.9858,8.36,3.14e-17,2.16e-14
30,0.9175,8.352,3.37e-17,2.32e-14
30,0.9631,8.35,3.41e-17,2.35e-14
30,0.9748,8.35,3.41e-17,2.35e-14
30,0.9035,8.346,3.52e-17,2.42e-14
30,0.9718,8.338,3.78e-17,2.6e-14
30,0.9035,8.329,4.09e-17,2.81e-14
30,0.9101,8.328,4.13e-17,2.84e-14
30,0.9278,8.323,4.27e-17,2.94e-14
30,0.9035,8.308,4.88e-17,3.36e-14
30,0.8914,8.306,4.96e-17,3.41e-14
30,0.9718,8.291,5.6e-17,3.85e-14
30,0.894,8.289,5.7e-17,3.92e-14
30,0.8876,8.28,6.15e-17,4.23e-14
30,0.889,8.276,6.35e-17,4.37e-14
30,0.9035,8.275,6.42e-17,4.42e-14
30,0.9035,8.265,7.01e-17,4.82e-14
30,0.894,8.252,7.8e-17,5.36e-14
30,0.9839,8.25,7.94e-17,5.46e-14
30,0.9035,8.244,8.35e-17,5.75e-14
30,0.9035,8.225,9.75e-17,6.71e-14
30,0.9175,8.217,1.05e-16,7.21e-14
30,0.9503,8.201,1.19e-16,8.17e-14
30,0.899,8.195,1.26e-16,8.64e-14
30,0.9035,8.191,1.3e-16,8.92e-14
30,0.9035,8.19,1.31e-16,9e-14
30,0.9883,8.188,1.33e-16,9.15e-14
30,0.9588,8.18,1.42e-16,9.75e-14
30,0.9718,8.171,1.53e-16,1.06e-13
30,0.9035,8.169,1.56e-16,1.07e-13
30,0.8633,8.168,1.57e-16,1.08e-13
30,0.9044,8.165,1.61e-16,1.11e-13
30,0.9035,8.158,1.7e-16,1.17e-13
30,0.9745,8.15,1.82e-16,1.25e-13
30,0.8756,8.141,1.96e-16,1.35e-13
30,0.889,8.138,2.01e-16,1.38e-13
30,0.9785,8.127,2.21e-16,1.52e-13
30,0.9001,8.11,2.52e-16,1.74e-13
30,0.861,8.107,2.6e-16,1.79e-13
30,0.9044,8.096,2.84e-16,1.95e-13
30,0.9748,8.071,3.48e-16,2.4e-13
30,0.9369,8.07,3.51e-16,2.41e-13
30,0.8794,8.066,3.62e-16,2.49e-13
30,0.8423,8.053,4.05e-16,2.79e-13
30,0.8876,8.047,4.26e-16,2.93e-13
30,0.8277,8.046,4.26e-16,2.93e-13
30,0.8876,8.037,4.59e-16,3.16e-13
30,0.8914,8.03,4.88e-16,3.36e-13
30,0.861,7.999,6.25e-16,4.3e-13
30,0.8584,7.997,6.35e-16,4.37e-13
30,0.861,7.991,6.69e-16,4.6e-13
30,0.8914,7.982,7.2e-16,4.95e-13
30,0.8914,7.981,7.28e-16,5.01e-13
30,0.9035,7.964,8.3e-16,5.71e-13
30,0.894,7.958,8.76e-16,6.02e-13
30,0.894,7.955,8.95e-16,6.16e-13
30,0.8914,7.945,9.72e-16,6.69e-13
30,0.831,7.93,1.09e-15,7.53e-13
30,0.9198,7.927,1.12e-15,7.71e-13
30,0.861,7.924,1.15e-15,7.9e-13
30,0.9631,7.921,1.18e-15,8.09e-13
30,0.8605,7.905,1.34e-15,9.24e-13
30,0.8961,7.898,1.41e-15,9.73e-13
30,0.894,7.877,1.68e-15,1.16e-12
30,0.861,7.863,1.87e-15,1.29e-12
30,0.8584,7.856,1.98e-15,1.36e-12
30,0.8876,7.85,2.09e-15,1.44e-12
30,0.8914,7.832,2.4e-15,1.65e-12
30,0.894,7.821,2.61e-15,1.8e-12
30,0.7935,7.821,2.62e-15,1.8e-12
30,0.861,7.817,2.7e-15,1.86e-12
30,0.861,7.816,2.72e-15,1.87e-12
30,0.8914,7.814,2.77e-15,1.91e-12
30,0.831,7.805,2.97e-15,2.05e-12
30,0.8447,7.766,4.06e-15,2.79e-12
30,0.7976,7.763,4.16e-15,2.86e-12
30,0.7935,7.697,6.99e-15,4.81e-12
30,0.8423,7.645,1.04e-14,7.17e-12
30,0.7924,7.639,1.09e-14,7.53e-12
30,0.8474,7.464,4.21e-14,2.9e-11
30,0.8229,7.432,5.36e-14,3.69e-11
30,0.7251,7.375,8.19e-14,5.63e-11
30,0.7574,7.372,8.43e-14,5.8e-11
30,0.7205,7.342,1.05e-13,7.22e-11
30,0.7924,7.316,1.28e-13,8.81e-11
30,0.68,7.004,1.24e-12,8.55e-10
31,0.986,8.823,5.58e-19,3.84e-16
31,0.9749,8.758,9.94e-19,6.84e-16
31,0.9494,8.749,1.08e-18,7.4e-16
31,0.9779,8.675,2.07e-18,1.42e-15
31,0.9494,8.613,3.57e-18,2.46e-15
31,0.9494,8.484,1.09e-17,7.47e-15
31,0.9494,8.321,4.35e-17,2.99e-14
31,0.8967,8.087,3.06e-16,2.1e-13
31,0.849,7.872,1.74e-15,1.2e-12
31,0.849,7.678,8.11e-15,5.58e-12
31,0.8335,7.611,1.36e-14,9.36e-12
32,0.9341,8.679,1.99e-18,1.37e-15
32,0.947,8.585,4.55e-18,3.13e-15
32,0.9738,8.573,5.03e-18,3.46e-15
32,0.9738,8.43,1.72e-17,1.18e-14
32,0.9738,8.426,1.78e-17,1.23e-14
32,0.9054,8.368,2.94e-17,2.02e-14
32,0.9163,8.35,3.42e-17,2.35e-14
32,0.9084,8.179,1.43e-16,9.83e-14
32,0.8959,8.177,1.46e-16,1e-13
32,0.9217,8.134,2.08e-16,1.43e-13
32,0.947,8.133,2.1e-16,1.44e-13
32,0.9313,8.119,2.36e-16,1.62e-13
32,0.8906,8.078,3.28e-16,2.26e-13
32,0.8959,8.029,4.93e-16,3.39e-13
32,0.8906,8.006,5.92e-16,4.07e-13
32,0.8991,7.965,8.26e-16,5.69e-13
32,0.8959,7.934,1.07e-15,7.33e-13
32,0.8595,7.704,6.61e-15,4.55e-12
32,0.8595,7.571,1.86e-14,1.28e-11
33,0.935,8.744,1.12e-18,7.71e-16
33,0.8286,8.299,5.25e-17,3.61e-14
33,0.9601,8.189,1.31e-16,9.04e-14
33,0.9281,8.184,1.37e-16,9.43e-14
33,0.8886,8.118,2.38e-16,1.63e-13
33,0.8786,8.007,5.87e-16,4.04e-13
33,0.8786,7.968,8.03e-16,5.53e-13
33,0.8688,7.895,1.45e-15,1e-12
33,0.8647,7.883,1.6e-15,1.1e-12
33,0.7443,7.615,1.32e-14,9.1e-12
33,0.8279,7.563,1.97e-14,1.36e-11
33,0.739,7.213,2.73e-13,1.88e-10
34,0.9692,8.825,5.45e-19,3.75e-16
34,0.9317,8.458,1.37e-17,9.4e-15
34,0.9692,8.405,2.15e-17,1.48e-14
34,0.8866,8.347,3.5e-17,2.41e-14
34,0.8866,8.288,5.76e-17,3.96e-14
34,0.8866,8.271,6.62e-17,4.56e-14
34,0.9262,8.267,6.88e-17,4.73e-14
34,0.8866,8.224,9.82e-17,6.76e-14
34,0.8174,8.212,1.09e-16,7.51e-14
34,0.9146,8.201,1.19e-16,8.19e-14
34,0.9375,8.174,1.5e-16,1.03e-13
34,0.9692,8.16,1.67e-16,1.15e-13
34,0.8866,8.157,1.72e-16,1.18e-13
34,0.8866,8.137,2.02e-16,1.39e-13
34,0.8866,8.13,2.15e-16,1.48e-13
34,0.9443,8.033,4.75e-16,3.27e-13
34,0.8866,8.021,5.23e-16,3.6e-13
34,0.8866,8.016,5.46e-16,3.76e-13
34,0.9375,8.016,5.47e-16,3.77e-13
34,0.8174,7.958,8.72e-16,6e-13
34,0.8174,7.863,1.87e-15,1.29e-12
34,0.8866,7.802,3.04e-15,2.09e-12
34,0.7072,7.798,3.14e-15,2.16e-12
34,0.8684,7.733,5.24e-15,3.6e-12
34,0.8174,7.697,6.98e-15,4.8e-12
35,0.9343,8.229,9.47e-17,6.52e-14
35,0.9374,8.04,4.48e-16,3.08e-13
35,0.8598,7.911,1.27e-15,8.76e-13
36,0.9985,8.983,1.32e-19,9.1e-17
36,0.9792,8.772,8.8e-19,6.05e-16
36,0.8983,8.725,1.33e-18,9.17e-16
36,0.9812,8.69,1.81e-18,1.24e-15
36,1,8.682,1.95e-18,1.34e-15
36,0.9509,8.662,2.31e-18,1.59e-15
36,0.9792,8.636,2.91e-18,2e-15
36,0.9792,8.621,3.33e-18,2.29e-15
36,0.9792,8.59,4.33e-18,2.98e-15
36,0.9259,8.587,4.48e-18,3.08e-15
36,0.9792,8.555,5.9e-18,4.06e-15
36,0.9259,8.542,6.62e-18,4.55e-15
36,0.9974,8.536,6.94e-18,4.78e-15
36,0.9462,8.507,8.92e-18,6.13e-15
36,1,8.485,1.08e-17,7.42e-15
36,0.9818,8.479,1.13e-17,7.78e-15
36,0.9259,8.478,1.15e-17,7.9e-15
36,0.9792,8.468,1.25e-17,8.61e-15
36,0.9509,8.438,1.62e-17,1.11e-14
36,0.9792,8.437,1.63e-17,1.12e-14
36,0.982,8.436,1.65e-17,1.13e-14
36,0.9505,8.43,1.73e-17,1.19e-14
36,0.94,8.429,1.74e-17,1.2e-14
36,0.8939,8.418,1.92e-17,1.32e-14
36,0.9421,8.411,2.02e-17,1.39e-14
36,0.9982,8.407,2.11e-17,1.45e-14
36,0.9509,8.371,2.86e-17,1.97e-14
36,0.982,8.367,2.96e-17,2.04e-14
36,0.9259,8.345,3.57e-17,2.45e-14
36,0.9831,8.339,3.73e-17,2.57e-14
36,0.9259,8.335,3.88e-17,2.67e-14
36,0.982,8.268,6.82e-17,4.69e-14
36,0.9259,8.265,7.01e-17,4.82e-14
36,0.9199,8.26,7.31e-17,5.03e-14
36,0.9228,8.259,7.33e-17,5.04e-14
36,0.9071,8.248,8.06e-17,5.55e-14
36,0.9792,8.244,8.31e-17,5.72e-14
36,0.8553,8.243,8.39e-17,5.77e-14
36,0.9792,8.211,1.1e-16,7.57e-14
36,0.9125,8.205,1.15e-16,7.92e-14
36,0.9718,8.166,1.59e-16,1.09e-13
36,0.9641,8.096,2.84e-16,1.96e-13
36,0.9142,8.032,4.8e-16,3.3e-13
36,0.8927,7.99,6.73e-16,4.63e-13
36,0.781,7.964,8.33e-16,5.73e-13
36,0.8939,7.902,1.38e-15,9.47e-13
37,0.9694,9.009,1.04e-19,7.13e-17
37,0.9998,8.987,1.27e-19,8.73e-17
37,1,8.949,1.79e-19,1.23e-16
37,1,8.877,3.44e-19,2.37e-16
37,0.9892,8.865,3.84e-19,2.64e-16
37,0.9998,8.856,4.13e-19,2.84e-16
37,0.9998,8.83,5.25e-19,3.61e-16
37,0.9998,8.806,6.51e-19,4.48e-16
37,0.9998,8.778,8.3e-19,5.71e-16
37,0.9908,8.764,9.46e-19,6.51e-16
37,1,8.735,1.21e-18,8.35e-16
37,1,8.735,1.22e-18,8.36e-16
37,1,8.729,1.29e-18,8.86e-16
37,0.9802,8.726,1.32e-18,9.08e-16
37,1,8.721,1.38e-18,9.52e-16
37,1,8.719,1.4e-18,9.63e-16
37,0.9998,8.716,1.45e-18,9.94e-16
37,1,8.706,1.57e-18,1.08e-15
37,0.9701,8.706,1.58e-18,1.08e-15
37,1,8.706,1.58e-18,1.09e-15
37,1,8.691,1.8e-18,1.24e-15
37,1,8.689,1.83e-18,1.26e-15
37,0.9701,8.668,2.2e-18,1.51e-15
37,0.9694,8.66,2.37e-18,1.63e-15
37,1,8.658,2.41e-18,1.66e-15
37,1,8.657,2.41e-18,1.66e-15
37,1,8.651,2.56e-18,1.76e-15
37,1,8.622,3.28e-18,2.26e-15
37,0.9837,8.62,3.36e-18,2.31e-15
37,0.9981,8.613,3.55e-18,2.44e-15
37,1,8.603,3.9e-18,2.68e-15
37,0.9998,8.6,3.97e-18,2.73e-15
37,0.9998,8.587,4.45e-18,3.06e-15
37,1,8.578,4.82e-18,3.31e-15
37,0.9694,8.576,4.93e-18,3.39e-15
37,0.9904,8.568,5.27e-18,3.62e-15
37,1,8.563,5.48e-18,3.77e-15
37,0.9988,8.556,5.86e-18,4.03e-15
37,0.9962,8.555,5.87e-18,4.04e-15
37,1,8.553,5.99e-18,4.12e-15
37,0.9998,8.552,6.07e-18,4.18e-15
37,0.9993,8.547,6.33e-18,4.35e-15
37,0.9963,8.546,6.38e-18,4.39e-15
37,0.9992,8.545,6.44e-18,4.43e-15
37,0.9998,8.534,7.1e-18,4.88e-15
37,1,8.533,7.11e-18,4.89e-15
37,1,8.527,7.49e-18,5.15e-15
37,0.9998,8.523,7.78e-18,5.35e-15
37,1,8.522,7.87e-18,5.41e-15
37,1,8.507,8.92e-18,6.13e-15
37,1,8.506,9.02e-18,6.21e-15
37,0.9694,8.495,9.94e-18,6.84e-15
37,1,8.493,1e-17,6.91e-15
37,1,8.493,1.01e-17,6.95e-15
37,0.9998,8.488,1.05e-17,7.24e-15
37,1,8.487,1.06e-17,7.29e-15
37,0.9875,8.486,1.07e-17,7.33e-15
37,1,8.478,1.14e-17,7.88e-15
37,0.9998,8.478,1.15e-17,7.91e-15
37,0.9875,8.477,1.15e-17,7.93e-15
37,1,8.476,1.17e-17,8.04e-15
37,1,8.473,1.19e-17,8.2e-15
37,1,8.467,1.26e-17,8.67e-15
37,0.9998,8.463,1.31e-17,8.99e-15
37,1,8.459,1.34e-17,9.24e-15
37,1,8.451,1.44e-17,9.94e-15
37,0.9997,8.442,1.56e-17,1.08e-14
37,0.9373,8.435,1.66e-17,1.14e-14
37,1,8.428,1.76e-17,1.21e-14
37,1,8.408,2.09e-17,1.44e-14
37,0.9988,8.403,2.17e-17,1.49e-14
37,0.9998,8.403,2.17e-17,1.5e-14
37,0.9963,8.403,2.18e-17,1.5e-14
37,1,8.402,2.2e-17,1.51e-14
37,0.9998,8.395,2.32e-17,1.6e-14
37,0.9701,8.394,2.36e-17,1.62e-14
37,0.9701,8.389,2.45e-17,1.68e-14
37,0.9998,8.382,2.61e-17,1.8e-14
37,1,8.376,2.75e-17,1.89e-14
37,0.9903,8.374,2.78e-17,1.91e-14
37,1,8.374,2.79e-17,1.92e-14
37,1,8.37,2.88e-17,1.98e-14
37,0.9998,8.369,2.91e-17,2e-14
37,0.9071,8.365,3e-17,2.07e-14
37,0.9998,8.36,3.14e-17,2.16e-14
37,0.9992,8.355,3.26e-17,2.24e-14
37,0.9808,8.349,3.43e-17,2.36e-14
37,1,8.346,3.53e-17,2.43e-14
37,0.9802,8.345,3.57e-17,2.46e-14
37,1,8.341,3.7e-17,2.54e-14
37,1,8.331,4e-17,2.75e-14
37,0.9998,8.328,4.1e-17,2.82e-14
37,1,8.328,4.11e-17,2.83e-14
37,1,8.327,4.16e-17,2.86e-14
37,0.9904,8.316,4.54e-17,3.12e-14
37,0.9998,8.314,4.61e-17,3.17e-14
37,0.9993,8.307,4.91e-17,3.38e-14
37,1,8.307,4.92e-17,3.39e-14
37,0.9993,8.295,5.43e-17,3.74e-14
37,1,8.294,5.46e-17,3.75e-14
37,1,8.273,6.52e-17,4.48e-14
37,0.9694,8.269,6.74e-17,4.64e-14
37,0.9753,8.253,7.73e-17,5.32e-14
37,0.9992,8.249,8e-17,5.5e-14
37,1,8.246,8.21e-17,5.65e-14
37,0.9071,8.243,8.43e-17,5.8e-14
37,0.9701,8.236,8.91e-17,6.13e-14
37,1,8.233,9.11e-17,6.27e-14
37,1,8.228,9.54e-17,6.56e-14
37,0.9694,8.228,9.56e-17,6.58e-14
37,1,8.221,1.01e-16,6.94e-14
37,0.9998,8.217,1.04e-16,7.15e-14
37,1,8.217,1.04e-16,7.17e-14
37,0.9701,8.216,1.06e-16,7.26e-14
37,0.9373,8.206,1.14e-16,7.87e-14
37,0.9694,8.179,1.43e-16,9.83e-14
37,0.9071,8.176,1.46e-16,1.01e-13
37,0.9071,8.171,1.53e-16,1.06e-13
37,0.9998,8.168,1.57e-16,1.08e-13
37,1,8.167,1.59e-16,1.09e-13
37,0.9172,8.16,1.68e-16,1.15e-13
37,0.9164,8.152,1.8e-16,1.24e-13
37,0.9071,8.139,2e-16,1.37e-13
37,0.9164,8.132,2.12e-16,1.46e-13
37,1,8.085,3.1e-16,2.13e-13
37,0.8942,8.08,3.24e-16,2.23e-13
37,0.9071,8.069,3.53e-16,2.43e-13
37,0.9459,8.066,3.63e-16,2.5e-13
37,0.9172,8.055,3.97e-16,2.73e-13
37,0.9998,8.043,4.38e-16,3.01e-13
37,0.9373,8.042,4.41e-16,3.04e-13
37,1,8.028,4.94e-16,3.4e-13
37,0.9071,8.024,5.13e-16,3.53e-13
37,0.9373,7.973,7.77e-16,5.34e-13
37,0.8716,7.968,8.09e-16,5.57e-13
37,0.8169,7.899,1.41e-15,9.71e-13
37,0.8393,7.759,4.3e-15,2.96e-12
37,0.871,7.694,7.16e-15,4.92e-12
37,0.8111,7.498,3.24e-14,2.23e-11
