stringId,queryItem
ENSP00000005260,BAIAP2L1
ENSP00000006053,CX3CL1
ENSP00000007722,ITGA3
ENSP00000037502,MYOC
ENSP00000064724,CLDN11
ENSP00000070846,PKP2
ENSP00000166139,FSTL3
ENSP00000188790,FAP
ENSP00000199764,CEACAM6
ENSP00000200181,ITGB4
ENSP00000211998,VCL
ENSP00000212355,TGFBR3
ENSP00000215637,MADCAM1
ENSP00000215886,LGALS2
ENSP00000215909,LGALS1
ENSP00000216037,XBP1
ENSP00000216241,CHADL
ENSP00000216336,CTSG
ENSP00000218388,TIMP1
ENSP00000219022,OLFM4
ENSP00000220772,SFRP1
ENSP00000221930,TGFB1
ENSP00000221992,CEACAM5
ENSP00000222399,LAMB1
ENSP00000222573,ITGB8
ENSP00000223095,SERPINE1
ENSP00000223357,AEBP1
ENSP00000225698,C1QBP
ENSP00000225964,COL1A1
ENSP00000226004,DUSP3
ENSP00000226218,VTN
ENSP00000226730,IL2
ENSP00000228434,CD69
ENSP00000228463,SELPLG
ENSP00000228534,IL23A
ENSP00000229135,IFNG
ENSP00000229583,ADTRP
ENSP00000231228,IL12B
ENSP00000231449,IL4
ENSP00000232003,HRG
ENSP00000233154,NCK2
ENSP00000233809,IGFBP2
ENSP00000233997,AZU1
ENSP00000234347,PRTN3
ENSP00000235310,MAD2L2
ENSP00000235933,CD160
ENSP00000236147,SELL
ENSP00000236850,APOA1
ENSP00000238682,TGFB3
ENSP00000239462,TNN
ENSP00000242159,HOXA7
ENSP00000242261,TWIST1
ENSP00000244050,SNAI1
ENSP00000244336,CEACAM8
ENSP00000245304,RAP2A
ENSP00000245451,BMP4
ENSP00000246792,RRAS
ENSP00000247470,PYCARD
ENSP00000249014,CDC42EP1
ENSP00000249071,RAC2
ENSP00000250378,CMA1
ENSP00000250448,FOXA1
ENSP00000250559,RAP1B
ENSP00000251808,GRHL2
ENSP00000252590,PLVAP
ENSP00000252599,COLGALT1
ENSP00000252699,ACTN4
ENSP00000252804,PXDN
ENSP00000252999,LAMA5
ENSP00000253796,RAMP2
ENSP00000254066,RARA
ENSP00000254301,LGALS3
ENSP00000254528,EMILIN2
ENSP00000254958,JAG1
ENSP00000255006,RIN2
ENSP00000256178,LYVE1
ENSP00000256433,IER3IP1
ENSP00000257189,DSG3
ENSP00000257527,ADAM19
ENSP00000257770,NT5E
ENSP00000257979,MIP
ENSP00000258341,LAMC1
ENSP00000258613,THSD1
ENSP00000259206,IL1RN
ENSP00000259371,DAB2IP
ENSP00000259607,CCL21
ENSP00000260130,SDCBP
ENSP00000260356,THBS1
ENSP00000261023,ITGAV
ENSP00000261590,DSG2
ENSP00000261769,CDH1
ENSP00000262096,ZDHHC2
ENSP00000262120,TWSG1
ENSP00000262158,SMAD7
ENSP00000262407,ITGA2B
ENSP00000262626,HPN
ENSP00000262753,POF1B
ENSP00000262768,TIMP2
ENSP00000263212,PPM1F
ENSP00000263253,EP300
ENSP00000263341,IL1B
ENSP00000263645,CD81
ENSP00000263686,SELP
ENSP00000263710,CLASP1
ENSP00000263735,EPCAM
ENSP00000263923,KDR
ENSP00000263946,PKP1
ENSP00000264094,LOXL3
ENSP00000264246,CD80
ENSP00000264431,RAPGEF2
ENSP00000264436,ADD2
ENSP00000264497,IL21
ENSP00000264638,CNTNAP1
ENSP00000264657,STAT3
ENSP00000264710,RAB10
ENSP00000264741,ITGA9
ENSP00000264808,PRDM5
ENSP00000264832,ICAM1
ENSP00000264972,ZAP70
ENSP00000265016,BST1
ENSP00000265070,GOLPH3
ENSP00000265165,LEF1
ENSP00000265371,NRP1
ENSP00000265562,PTPN23
ENSP00000265734,CDK6
ENSP00000266546,CLSTN3
ENSP00000267082,ITGB7
ENSP00000268603,CDH11
ENSP00000268613,CDH13
ENSP00000269394,ZNF750
ENSP00000270233,BCAM
ENSP00000271417,ILDR2
ENSP00000271638,S100A11
ENSP00000272895,ABCA12
ENSP00000274000,AP1AR
ENSP00000274063,SFRP2
ENSP00000274376,RASA1
ENSP00000274473,MEGF10
ENSP00000275815,EPHA1
ENSP00000276297,DLC1
ENSP00000276440,DOCK5
ENSP00000277541,NOTCH1
ENSP00000278198,LRRC4C
ENSP00000278572,RPS3
ENSP00000278927,ESAM
ENSP00000279227,FERMT3
ENSP00000280333,DOCK1
ENSP00000280357,IL18
ENSP00000281537,TJP1
ENSP00000281821,EPHA4
ENSP00000282020,GRID2
ENSP00000282588,ITGA1
ENSP00000282849,ADAMTS18
ENSP00000283147,BMP6
ENSP00000283228,PTPRR
ENSP00000283249,ITGB6
ENSP00000283285,CD96
ENSP00000283752,SERPINB3
ENSP00000284240,THY1
ENSP00000284523,WNT3A
ENSP00000284878,CXADR
ENSP00000284981,APP
ENSP00000285018,WNT7A
ENSP00000285735,RHOC
ENSP00000286201,FZD7
ENSP00000286301,CSF1R
ENSP00000286760,WHAMM
ENSP00000286827,TIAM1
ENSP00000287139,NODAL
ENSP00000287820,PPARG
ENSP00000289153,PIK3CB
ENSP00000292408,FGFR4
ENSP00000293373,NCKAP1L
ENSP00000293379,ITGA5
ENSP00000293549,WNT1
ENSP00000294489,PDPN
ENSP00000294728,VCAM1
ENSP00000295522,CLDN1
ENSP00000295851,ABI2
ENSP00000296181,ITGB5
ENSP00000296387,CLDN19
ENSP00000296585,ITGA2
ENSP00000296677,F2RL1
ENSP00000297268,COL1A2
ENSP00000298552,TSC1
ENSP00000299106,JAM3
ENSP00000299952,MARVELD3
ENSP00000300404,B4GALNT2
ENSP00000300574,CRK
ENSP00000301015,PIEZO1
ENSP00000301244,SPINT2
ENSP00000301272,TMIGD2
ENSP00000301761,SDHAF2
ENSP00000301945,ANTXR1
ENSP00000302599,FUT9
ENSP00000302621,LRG1
ENSP00000302625,AXIN2
ENSP00000302665,IGF1
ENSP00000302846,PTGER4
ENSP00000303231,IL12A
ENSP00000303507,BCR
ENSP00000303939,CTLA4
ENSP00000304283,RAC3
ENSP00000304408,COL3A1
ENSP00000305529,SIRPG
ENSP00000305603,FUT3
ENSP00000305988,ALCAM
ENSP00000306099,FGB
ENSP00000306330,YWHAG
ENSP00000306361,FGA
ENSP00000306864,VASN
ENSP00000306991,HAS2
ENSP00000307959,DST
ENSP00000308576,RHOD
ENSP00000308753,TMOD3
ENSP00000308938,PLG
ENSP00000309376,CD164
ENSP00000309591,PRKACA
ENSP00000309953,EFEMP2
ENSP00000309968,ADAM17
ENSP00000310094,TAOK2
ENSP00000310448,SART1
ENSP00000311005,MAPK7
ENSP00000311401,DENND6A
ENSP00000312002,HAVCR2
ENSP00000312021,FUT1
ENSP00000312652,LEP
ENSP00000313169,NPHP1
ENSP00000313391,DAB2
ENSP00000313875,CD46
ENSP00000314067,PAK2
ENSP00000315417,ALX1
ENSP00000315465,DSCAML1
ENSP00000315477,CD209
ENSP00000315997,LILRB1
ENSP00000316338,BAIAP2
ENSP00000316861,GPM6B
ENSP00000316891,LIMCH1
ENSP00000317891,TNIP1
ENSP00000317985,ROCK2
ENSP00000318142,FUT7
ENSP00000320084,CD276
ENSP00000320147,EZH2
ENSP00000320866,CALR
ENSP00000321326,F2R
ENSP00000323264,MARVELD2
ENSP00000323280,CD6
ENSP00000323856,PLEC
ENSP00000324292,FBF1
ENSP00000324302,STXBP6
ENSP00000324806,GSK3B
ENSP00000324890,CD28
ENSP00000325527,FBN1
ENSP00000326031,PPP1CA
ENSP00000327290,ITGA11
ENSP00000327801,P4HB
ENSP00000328777,EFNA5
ENSP00000329127,PRKCH
ENSP00000329418,SOCS1
ENSP00000329991,IFNL1
ENSP00000330382,PDGFB
ENSP00000331544,FBLN1
ENSP00000331678,PKP3
ENSP00000331682,KLHL22
ENSP00000331736,SELE
ENSP00000331746,CALCA
ENSP00000332118,EPHB3
ENSP00000332973,SMAD3
ENSP00000333919,BTLA
ENSP00000334008,PARVA
ENSP00000334941,PTPRU
ENSP00000335062,PDCD1
ENSP00000335074,GHRL
ENSP00000335320,BCL9L
ENSP00000336800,KLHL25
ENSP00000336829,FGG
ENSP00000337451,EPHA3
ENSP00000337825,LCK
ENSP00000337907,MPP7
ENSP00000338171,SKAP1
ENSP00000338345,SNCA
ENSP00000338967,ARHGAP6
ENSP00000339191,CAV1
ENSP00000339328,PLAUR
ENSP00000339467,RHOG
ENSP00000339730,THBS4
ENSP00000340330,KAT5
ENSP00000340864,C1QTNF1
ENSP00000340900,MIA3
ENSP00000340937,COL17A1
ENSP00000340944,PTPN11
ENSP00000340989,SFN
ENSP00000341189,PTK2
ENSP00000341208,STAT5A
ENSP00000341292,WNK1
ENSP00000341551,SMAD4
ENSP00000341785,ADIPOR1
ENSP00000341905,RASAL3
ENSP00000342609,ACER2
ENSP00000342858,FERMT2
ENSP00000343129,TRIM29
ENSP00000343204,JAK1
ENSP00000344115,CDH5
ENSP00000344456,CTNNB1
ENSP00000344666,NF2
ENSP00000344967,SPRY4
ENSP00000345008,FBLN5
ENSP00000345179,APOD
ENSP00000345347,HMGB1
ENSP00000345359,PODXL2
ENSP00000345731,DLG1
ENSP00000346032,ANXA2
ENSP00000346148,PRKAA1
ENSP00000346300,CRKL
ENSP00000346483,DDRGK1
ENSP00000346839,FN1
ENSP00000346879,NKX2-1
ENSP00000347379,OCLN
ENSP00000347427,MINK1
ENSP00000347883,PLEKHA7
ENSP00000347948,TNFRSF14
ENSP00000348461,RAC1
ENSP00000348521,GJB6
ENSP00000349252,ITGAL
ENSP00000349436,ADAM15
ENSP00000349446,ARG1
ENSP00000349932,PTPRS
ENSP00000349960,ACTB
ENSP00000350402,HHLA2
ENSP00000350425,APOA4
ENSP00000351209,EPHA2
ENSP00000351602,FUT4
ENSP00000351905,TGFBR2
ENSP00000352216,SLC2A10
ENSP00000352420,LDLRAD4
ENSP00000352540,EMP2
ENSP00000352639,CELA2A
ENSP00000352833,PTPN22
ENSP00000352834,MYO1C
ENSP00000353030,PTPRF
ENSP00000353099,HLA-DRB1
ENSP00000353224,TFRC
ENSP00000353259,CD300A
ENSP00000353408,MSN
ENSP00000353462,CASS4
ENSP00000353731,DPP4
ENSP00000353850,ITGB1BP1
ENSP00000354040,GTPBP4
ENSP00000354416,CCL28
ENSP00000354498,PHLDB1
ENSP00000354532,PNP
ENSP00000354558,MTOR
ENSP00000354566,CD3E
ENSP00000354573,MACF1
ENSP00000354778,CNTNAP2
ENSP00000355094,QKI
ENSP00000355187,LRRTM3
ENSP00000355361,CD47
ENSP00000355627,AGT
ENSP00000355866,DUSP10
ENSP00000355896,TGFB2
ENSP00000356016,CR1
ENSP00000356030,CD55
ENSP00000356042,EZR
ENSP00000356319,KIF14
ENSP00000356515,UTRN
ENSP00000356574,QSOX1
ENSP00000356792,XCL1
ENSP00000357005,F11R
ENSP00000357153,CD1D
ENSP00000357196,PTPRK
ENSP00000357288,LAMTOR2
ENSP00000357392,EFNA1
ENSP00000357470,IL6R
ENSP00000357564,RAB13
ENSP00000357722,S100A8
ENSP00000357727,S100A9
ENSP00000357801,S100A10
ENSP00000357883,PIP5K1A
ENSP00000357981,CTSS
ENSP00000358283,UFL1
ENSP00000358310,ITGA10
ENSP00000358404,TCF7L2
ENSP00000358470,VTCN1
ENSP00000358723,RAP1A
ENSP00000358770,SLK
ENSP00000358866,FLNA
ENSP00000358997,IRAK1
ENSP00000359077,L1CAM
ENSP00000359085,NTNG1
ENSP00000359225,CNN3
ENSP00000359385,GLMN
ENSP00000359504,GBP1
ENSP00000359521,SLITRK2
ENSP00000359552,PKN2
ENSP00000359663,CD40LG
ENSP00000360170,ANGPTL3
ENSP00000360305,PDLIM1
ENSP00000360464,NKAP
ENSP00000360882,COL5A1
ENSP00000361021,PTEN
ENSP00000361263,RAPGEF1
ENSP00000361423,ABL1
ENSP00000361467,DLG5
ENSP00000361471,ASS1
ENSP00000361663,IL1RAPL2
ENSP00000361818,SDC4
ENSP00000361850,PLAU
ENSP00000361965,ADA
ENSP00000362095,SRPX2
ENSP00000362294,PTPRT
ENSP00000362680,SRC
ENSP00000362776,COL16A1
ENSP00000363092,PRKG1
ENSP00000363317,FRMPD2
ENSP00000363804,KLF4
ENSP00000363840,COL11A2
ENSP00000364000,COL5A2
ENSP00000364133,TGFBR1
ENSP00000364163,NOTCH4
ENSP00000364210,AGER
ENSP00000364585,RCC2
ENSP00000364595,NINJ1
ENSP00000364683,BAMBI
ENSP00000364893,ARHGEF7
ENSP00000364907,SYK
ENSP00000365227,AIF1
ENSP00000365380,FOXP3
ENSP00000365465,CDSN
ENSP00000365569,FLOT1
ENSP00000365817,HLA-E
ENSP00000366015,ANGPTL7
ENSP00000366058,SYNDIG1
ENSP00000366109,ANXA1
ENSP00000366283,SLITRK5
ENSP00000366288,SLITRK1
ENSP00000367154,RSU1
ENSP00000367196,GLIPR2
ENSP00000367202,RECK
ENSP00000367227,TMEM8B
ENSP00000367292,FLRT3
ENSP00000367316,ITGA8
ENSP00000367398,NPHP4
ENSP00000367408,CASK
ENSP00000367433,AJAP1
ENSP00000367817,PODXL
ENSP00000368104,BMP2
ENSP00000368278,IL1RAPL1
ENSP00000368632,GATA3
ENSP00000368664,RGCC
ENSP00000368759,NEDD9
ENSP00000368917,GCNT2
ENSP00000368976,KIFC3
ENSP00000369270,RREB1
ENSP00000369375,TEK
ENSP00000369554,IFNA2
ENSP00000369581,IFNB1
ENSP00000369677,EMILIN1
ENSP00000369889,COL2A1
ENSP00000370128,SLC7A1
ENSP00000370256,FOXC1
ENSP00000370485,NLGN4X
ENSP00000370593,PTPRD
ENSP00000370698,IL6ST
ENSP00000370989,CD274
ENSP00000371067,JAK2
ENSP00000371219,RHOH
ENSP00000371420,GPNMB
ENSP00000371798,FSCN1
ENSP00000371958,CD9
ENSP00000372295,GJB2
ENSP00000373487,KRT18
ENSP00000373574,ACVRL1
ENSP00000373620,HSPD1
ENSP00000373783,LOXL2
ENSP00000375086,CCL25
ENSP00000375616,LILRB4
ENSP00000375629,LILRB2
ENSP00000375649,MYADM
ENSP00000376436,ETS1
ENSP00000376457,ECT2
ENSP00000376475,PRKAR1A
ENSP00000377370,IGSF11
ENSP00000377508,JUP
ENSP00000377895,FBXO38
ENSP00000377941,ACTN1
ENSP00000378332,TGFB1I1
ENSP00000378368,FLOT2
ENSP00000378401,SPOCK1
ENSP00000378431,MMRN1
ENSP00000378577,CLDN3
ENSP00000378704,BRD2
ENSP00000378786,HLA-DRA
ENSP00000378856,LGALS9
ENSP00000378957,MFAP4
ENSP00000379140,CXCL12
ENSP00000379204,BMP7
ENSP00000379350,ITGB1
ENSP00000379438,UMOD
ENSP00000379616,MYH11
ENSP00000379873,HLA-A
ENSP00000379975,ILK
ENSP00000380034,SNAI2
ENSP00000380150,CARD11
ENSP00000380227,ITGA4
ENSP00000380638,PTK2B
ENSP00000380855,PDCD1LG2
ENSP00000380948,ITGB2
ENSP00000380958,MBP
ENSP00000381448,CST3
ENSP00000381498,FGFRL1
ENSP00000381775,TNFSF11
ENSP00000381949,COL13A1
ENSP00000382004,CTNND1
ENSP00000382492,RADIL
ENSP00000382697,ROCK1
ENSP00000382941,SIRPA
ENSP00000383042,KDM1A
ENSP00000383118,CDC42
ENSP00000383376,JAM2
ENSP00000384136,RDX
ENSP00000384262,HPSE
ENSP00000384273,RELA
ENSP00000384312,TRIOBP
ENSP00000384371,BCL6
ENSP00000384823,FBXO11
ENSP00000385143,UNC5D
ENSP00000385450,MAGI1
ENSP00000385451,MDK
ENSP00000385477,CLDN5
ENSP00000385523,PPARA
ENSP00000385675,IL6
ENSP00000385824,FOXO3
ENSP00000386488,ZC3H8
ENSP00000386498,HOXD3
ENSP00000386896,ITGA6
ENSP00000389326,ACE2
ENSP00000389814,ADIPOQ
ENSP00000391490,AGR2
ENSP00000391676,JAK3
ENSP00000391826,IGF2
ENSP00000392500,NLGN1
ENSP00000393316,TMX1
ENSP00000393566,HLA-DPA1
ENSP00000394496,CORO1C
ENSP00000394888,DOCK8
ENSP00000397459,DUSP22
ENSP00000398632,CD44
ENSP00000398698,TNF
ENSP00000398890,HLA-DMB
ENSP00000399421,CD36
ENSP00000400010,PTPRJ
ENSP00000400175,RHOA
ENSP00000400341,FOXA2
ENSP00000402343,ZNF469
ENSP00000402584,MDGA1
ENSP00000405405,PHLDB2
ENSP00000406037,KAT8
ENSP00000406191,TRPV4
ENSP00000406970,LAX1
ENSP00000407685,TNXB
ENSP00000408146,HLA-DPB1
ENSP00000408695,PRKCA
ENSP00000409171,PLXNB2
ENSP00000412927,HLA-G
ENSP00000414303,BDNF
ENSP00000415454,GCNT1
ENSP00000416255,EIF4G1
ENSP00000416523,SEMA4D
ENSP00000416696,RIC1
ENSP00000416797,CAMSAP3
ENSP00000417273,NCK1
ENSP00000417335,ROBO2
ENSP00000417404,HFE
ENSP00000417518,CLASP2
ENSP00000418112,PTPRG
ENSP00000418447,PPP2CA
ENSP00000418915,CDKN2A
ENSP00000419085,TIGIT
ENSP00000419124,FAM107A
ENSP00000419446,ADAM9
ENSP00000419465,WWTR1
ENSP00000420091,SLITRK3
ENSP00000420321,ROBO1
ENSP00000421326,ATP2C1
ENSP00000422007,ACTN3
ENSP00000422554,ADAMTS12
ENSP00000424501,HTN1
ENSP00000424565,CDHR2
ENSP00000427552,DDR1
ENSP00000427687,WDR1
ENSP00000430684,IKBKB
ENSP00000431885,TYK2
ENSP00000431926,AMBRA1
ENSP00000432943,MPZ
ENSP00000433623,TRAF6
ENSP00000434034,FZD4
ENSP00000436047,ST3GAL4
ENSP00000439454,TARM1
ENSP00000441691,ITGAM
ENSP00000442600,DAG1
ENSP00000442736,PLXNB3
ENSP00000442973,DAPK3
ENSP00000443495,ACTN2
ENSP00000444645,CYFIP2
ENSP00000446121,LIMS1
ENSP00000447730,CD63
ENSP00000451828,AKT1
ENSP00000452786,ITGB3
ENSP00000452796,PEAK1
ENSP00000453302,ADAM8
ENSP00000454623,ITGAX
ENSP00000454783,CORO2B
ENSP00000457206,SPSB3
ENSP00000457421,PECAM1
ENSP00000457593,NFAT5
ENSP00000458162,ACTG1
ENSP00000458585,MMP12
ENSP00000458832,ALOX15
ENSP00000459615,SRGAP2
ENSP00000463051,GDF2
ENSP00000463325,PTPRM
ENSP00000463752,GJD3
ENSP00000469049,TNFSF14
ENSP00000469413,PAK4
ENSP00000470788,IL12RB1
ENSP00000472474,IL4I1
ENSP00000472929,VAV1
ENSP00000473001,FCHO1
ENSP00000474412,CCL5
ENSP00000477725,KANK1
ENSP00000477776,SRGAP2B
ENSP00000478290,SRGAP2C
ENSP00000478319,GREM1
ENSP00000478320,ATXN3
ENSP00000478570,VEGFA
ENSP00000479536,CD177
ENSP00000479860,CIB1
ENSP00000480359,PDLIM5
ENSP00000481045,TESK1
ENSP00000482027,NR4A3
ENSP00000482228,PLEKHA2
ENSP00000482304,ZP4
ENSP00000483424,MARK1
ENSP00000483985,CD24
ENSP00000484552,GJA5
ENSP00000484715,SRCIN1
ENSP00000422533,ADGRL3
ENSP00000375960,AFDN
ENSP00000331983,CARMIL1
ENSP00000334958,CARMIL2
ENSP00000259526,CCN3
ENSP00000345972,FYB2
ENSP00000355308,HACD1
ENSP00000392105,INAVA
ENSP00000348635,JAML
ENSP00000352138,KIRREL1
ENSP00000461433,MCRIP1
ENSP00000296350,MELTF
ENSP00000264025,NECTIN1
ENSP00000252483,NECTIN2
ENSP00000360296,PLPP3
ENSP00000482957,RIPOR2
ENSP00000361599,SVBP
ENSP00000386787,TMEM131L
ENSP00000320794,USF3
ENSP00000378409,VSIR
ENSP00000363482,WASHC2C
