node,cog_id,root,clade_name,queryItem,cellular extravasation,cell junction organization,cell adhesion,extracellular matrix organization,epithelial to mesenchymal transition,regulation of metallopeptidase activity,metastasis suppressor
ENSP00000002829,KOG3611,30,Choanoflagellata,SEMA3F,0,0,0,0,0,0,1
ENSP00000005260,NOG06845,22,Cephalochordata,BAIAP2L1,0,0,1,0,0,0,0
ENSP00000006053,NOG55152,17,Sauropsida,CX3CL1,0,0,1,0,0,0,0
ENSP00000064724,NOG03800,21,Tunicata,CLDN11,0,1,0,0,0,0,0
ENSP00000070846,KOG1048,30,Choanoflagellata,PKP2,0,1,1,0,0,0,0
ENSP00000160262,NOG18285,20,Actinopterygii,ICAM3,0,0,1,0,0,0,0
ENSP00000172229,NOG09814,20,Actinopterygii,NGFR,0,0,0,0,0,0,1
ENSP00000188790,COG1506,37,Metamonada,FAP,0,0,0,1,0,0,0
ENSP00000199764,NOG14493,20,Actinopterygii,CEACAM6,0,0,1,0,0,0,0
ENSP00000200181,KOG1226,30,Choanoflagellata,ITGB4,0,1,1,0,0,0,0
ENSP00000203629,NOG23311,20,Actinopterygii,LAG3,0,0,1,0,0,0,0
ENSP00000211998,KOG3681,30,Choanoflagellata,VCL,0,1,1,0,0,0,0
ENSP00000212355,NOG09784,23,Ambulacraria,TGFBR3,0,0,0,1,0,0,0
ENSP00000215637,NOG59284,14,Afrotheria,MADCAM1,1,0,1,0,0,0,0
ENSP00000215909,KOG3587,27,Placozoa,LGALS1,0,0,1,0,0,0,0
ENSP00000216037,KOG4005,29,Ctenophora,XBP1,0,0,1,0,0,0,0
ENSP00000216271,COG0123,37,Metamonada,HDAC10,0,0,0,0,0,0,1
ENSP00000216336,COG5640,30,Choanoflagellata,CTSG,0,0,1,0,0,0,0
ENSP00000218388,KOG4745,28,Porifera,TIMP1,0,0,0,0,0,1,1
ENSP00000219022,KOG3545,24,Ecdysozoa,OLFM4,0,0,1,0,0,0,1
ENSP00000219302,COG0105,37,Metamonada,NME3,0,0,0,0,0,0,1
ENSP00000220772,KOG3577,29,Ctenophora,SFRP1,0,0,0,0,1,0,1
ENSP00000221132,NOG11571,20,Actinopterygii,TNFRSF10A,0,0,0,0,0,0,1
ENSP00000221561,KOG0639,29,Ctenophora,AES,0,0,0,0,0,0,1
ENSP00000221930,KOG3900,29,Ctenophora,TGFB1,0,0,1,1,1,0,1
ENSP00000221980,NOG18285,20,Actinopterygii,ICAM5,0,0,1,0,0,0,0
ENSP00000222390,COG5640,30,Choanoflagellata,HGF,0,0,0,0,0,0,1
ENSP00000222399,KOG0994,30,Choanoflagellata,LAMB1,0,0,1,0,0,0,0
ENSP00000222573,KOG1226,30,Choanoflagellata,ITGB8,0,0,1,0,0,0,0
ENSP00000223095,COG4826,28,Porifera,SERPINE1,0,0,1,0,0,0,0
ENSP00000225655,KOG1755,35,Rhodophyta,PFN1,0,0,0,0,0,0,1
ENSP00000225698,KOG4024,29,Ctenophora,C1QBP,0,0,1,0,0,0,0
ENSP00000225964,KOG3544,34,Discoba,COL1A1,0,0,0,1,1,0,0
ENSP00000226004,COG2453,37,Metamonada,DUSP3,0,1,1,0,0,0,0
ENSP00000226218,KOG1565,30,Choanoflagellata,VTN,0,0,1,0,0,0,0
ENSP00000226730,NOG135432,14,Afrotheria,IL2,0,0,1,0,0,0,0
ENSP00000228463,NOG271421,10,Dermoptera,SELPLG,1,0,1,0,0,0,0
ENSP00000228534,NOG231450,17,Sauropsida,IL23A,0,0,1,0,0,0,0
ENSP00000228945,KOG3205,37,Metamonada,ARHGDIB,0,0,0,0,0,0,1
ENSP00000231228,NOG18085,19,Coelacanthimorpha,IL12B,0,0,1,0,0,0,0
ENSP00000231449,KOG3886,36,SAR,IL4,0,0,1,0,0,0,0
ENSP00000232003,NOG22864,20,Actinopterygii,HRG,0,1,1,0,0,0,0
ENSP00000233154,KOG4226,30,Choanoflagellata,NCK2,0,0,1,0,0,0,0
ENSP00000233809,NOG09907,21,Tunicata,IGFBP2,0,0,1,0,0,0,0
ENSP00000233997,COG5640,30,Choanoflagellata,AZU1,1,0,0,0,0,0,0
ENSP00000234347,COG5640,30,Choanoflagellata,PRTN3,1,1,0,0,0,0,0
ENSP00000235310,KOG3186,33,Viridiplantae,MAD2L2,0,0,1,0,1,0,0
ENSP00000236826,KOG1565,30,Choanoflagellata,MMP8,0,0,0,0,0,0,1
ENSP00000236850,NOG03742,20,Actinopterygii,APOA1,0,0,1,0,0,0,0
ENSP00000238682,KOG3900,29,Ctenophora,TGFB3,0,0,0,0,1,0,0
ENSP00000241261,NOG00756,23,Ambulacraria,TNFSF10,0,0,0,0,0,0,1
ENSP00000242057,KOG3560,28,Porifera,AHR,0,0,0,0,0,0,1
ENSP00000242159,KOG0489,29,Ctenophora,HOXA7,0,0,1,0,0,0,0
ENSP00000242261,KOG4447,26,Cnidaria,TWIST1,0,0,0,0,1,0,1
ENSP00000242728,KOG4304,29,Ctenophora,BHLHE41,0,0,0,0,0,0,1
ENSP00000243077,KOG1215,29,Ctenophora,LRP1,0,0,0,1,0,0,0
ENSP00000244050,KOG2462,28,Porifera,SNAI1,0,1,0,0,1,0,0
ENSP00000245451,KOG3900,29,Ctenophora,BMP4,0,0,1,0,0,0,1
ENSP00000246792,COG1100,37,Metamonada,RRAS,0,0,1,0,0,0,0
ENSP00000247470,NOG270365,20,Actinopterygii,PYCARD,0,0,1,0,0,0,0
ENSP00000249014,NOG17118,21,Tunicata,CDC42EP1,0,0,1,0,0,0,0
ENSP00000249071,COG1100,37,Metamonada,RAC2,0,0,1,0,0,0,0
ENSP00000250378,COG5640,30,Choanoflagellata,CMA1,0,0,0,1,0,0,0
ENSP00000250448,COG5025,36,SAR,FOXA1,0,0,0,0,1,0,0
ENSP00000250559,COG1100,37,Metamonada,RAP1B,0,1,0,0,0,0,0
ENSP00000252599,KOG4179,29,Ctenophora,COLGALT1,0,0,0,1,0,0,0
ENSP00000252699,COG5069,36,SAR,ACTN4,0,0,1,0,0,0,0
ENSP00000252804,KOG2408,33,Viridiplantae,PXDN,0,0,0,1,0,0,0
ENSP00000252999,KOG1836,37,Metamonada,LAMA5,0,0,1,0,0,0,0
ENSP00000253796,NOG29134,20,Actinopterygii,RAMP2,0,1,0,0,0,0,0
ENSP00000254066,KOG3575,29,Ctenophora,RARA,0,0,1,0,0,0,0
ENSP00000254301,KOG3587,27,Placozoa,LGALS3,0,0,1,0,0,0,0
ENSP00000254958,KOG1217,37,Metamonada,JAG1,0,0,1,0,0,0,0
ENSP00000255006,KOG2320,30,Choanoflagellata,RIN2,0,0,1,0,0,0,0
ENSP00000255688,NOG19818,23,Ambulacraria,RARRES3,0,0,0,0,0,0,1
ENSP00000256178,NOG256826,20,Actinopterygii,LYVE1,1,0,0,0,0,0,0
ENSP00000257189,KOG3594,30,Choanoflagellata,DSG3,0,1,0,0,0,0,0
ENSP00000257770,COG0737,31,Fungi,NT5E,0,0,1,0,0,0,0
ENSP00000258341,KOG1836,37,Metamonada,LAMC1,0,1,1,0,0,0,0
ENSP00000259206,NOG63872,20,Actinopterygii,IL1RN,0,0,1,0,0,0,0
ENSP00000259371,KOG3508,32,Amoebozoa,DAB2IP,0,0,0,0,1,0,0
ENSP00000259526,NOG239425,25,Spiralia,CCN3,0,0,1,0,0,0,0
ENSP00000259607,NOG271296,20,Actinopterygii,CCL21,1,0,1,0,0,0,0
ENSP00000260356,NOG258312,29,Ctenophora,THBS1,0,0,1,0,0,0,1
ENSP00000261023,KOG3637,30,Choanoflagellata,ITGAV,0,0,1,0,0,0,0
ENSP00000261313,COG1881,33,Viridiplantae,PEBP1,0,0,0,0,0,0,1
ENSP00000261590,KOG3594,30,Choanoflagellata,DSG2,0,1,0,0,1,0,0
ENSP00000261769,KOG3594,30,Choanoflagellata,CDH1,0,1,1,0,0,0,1
ENSP00000262158,KOG3701,29,Ctenophora,SMAD7,0,1,1,0,1,0,0
ENSP00000262304,KOG3599,30,Choanoflagellata,PKD1,0,0,0,0,0,0,1
ENSP00000262345,NOG02920,20,Actinopterygii,IL12RB2,0,0,1,0,0,0,0
ENSP00000262407,KOG3637,30,Choanoflagellata,ITGA2B,0,0,1,0,0,0,0
ENSP00000262768,KOG4745,28,Porifera,TIMP2,0,0,0,0,0,1,1
ENSP00000263212,COG0631,37,Metamonada,PPM1F,0,1,1,0,0,0,0
ENSP00000263253,COG5076,37,Metamonada,EP300,0,0,1,0,0,0,1
ENSP00000263341,NOG63872,20,Actinopterygii,IL1B,0,1,1,0,1,0,0
ENSP00000263645,KOG3882,30,Choanoflagellata,CD81,0,0,1,0,0,0,0
ENSP00000263686,KOG4297,30,Choanoflagellata,SELP,1,0,1,0,0,0,0
ENSP00000263710,KOG2956,30,Choanoflagellata,CLASP1,0,1,1,1,0,0,0
ENSP00000263923,KOG0200,30,Choanoflagellata,KDR,0,1,1,0,0,0,0
ENSP00000263946,KOG1048,30,Choanoflagellata,PKP1,0,0,1,0,0,0,0
ENSP00000264033,KOG1785,30,Choanoflagellata,CBL,0,0,1,0,0,0,0
ENSP00000264094,NOG04524,26,Cnidaria,LOXL3,0,0,1,0,0,0,0
ENSP00000264246,NOG28166,17,Sauropsida,CD80,0,0,1,0,0,0,0
ENSP00000264431,KOG3629,32,Amoebozoa,RAPGEF2,0,1,0,0,0,0,0
ENSP00000264436,COG0235,36,SAR,ADD2,1,0,1,0,0,0,0
ENSP00000264657,KOG3667,30,Choanoflagellata,STAT3,0,0,0,1,0,0,0
ENSP00000264710,KOG0078,37,Metamonada,RAB10,0,0,1,0,0,0,0
ENSP00000264731,NOG236267,28,Porifera,TP63,0,0,0,0,0,0,1
ENSP00000264832,NOG18285,20,Actinopterygii,ICAM1,1,0,1,0,0,0,0
ENSP00000264972,COG0515,37,Metamonada,ZAP70,0,0,1,0,0,0,0
ENSP00000265016,NOG21561,20,Actinopterygii,BST1,0,0,1,0,0,0,0
ENSP00000265165,KOG3248,29,Ctenophora,LEF1,0,0,0,0,1,0,0
ENSP00000265371,NOG06579,23,Ambulacraria,NRP1,0,1,1,0,0,0,0
ENSP00000265562,KOG2220,36,SAR,PTPN23,0,0,1,0,0,0,0
ENSP00000265734,KOG0594,37,Metamonada,CDK6,0,0,1,0,0,0,0
ENSP00000266085,KOG4745,28,Porifera,TIMP3,0,0,0,0,0,0,1
ENSP00000267082,KOG1226,30,Choanoflagellata,ITGB7,1,0,1,0,0,0,0
ENSP00000268603,KOG3594,30,Choanoflagellata,CDH11,0,1,1,0,0,0,0
ENSP00000268613,KOG3594,30,Choanoflagellata,CDH13,0,0,1,0,0,0,0
ENSP00000268638,NOG05020,22,Cephalochordata,IRF8,0,0,0,0,0,0,1
ENSP00000271638,NOG30694,20,Actinopterygii,S100A11,0,0,1,0,0,0,0
ENSP00000271688,COG5058,37,Metamonada,CERS2,0,0,0,0,0,0,1
ENSP00000273480,COG5194,37,Metamonada,RNF7,0,1,1,0,0,0,0
ENSP00000274063,KOG3577,29,Ctenophora,SFRP2,0,0,0,0,1,0,0
ENSP00000274376,KOG3508,32,Amoebozoa,RASA1,0,0,1,0,0,0,0
ENSP00000275815,COG0515,37,Metamonada,EPHA1,0,0,1,0,0,0,0
ENSP00000276297,KOG2200,30,Choanoflagellata,DLC1,0,1,1,0,0,0,1
ENSP00000276431,NOG11571,20,Actinopterygii,TNFRSF10B,0,0,0,0,0,0,1
ENSP00000276440,KOG1997,34,Discoba,DOCK5,0,0,1,0,0,0,0
ENSP00000278198,COG4886,37,Metamonada,LRRC4C,0,0,1,0,0,0,0
ENSP00000278927,NOG03235,22,Cephalochordata,ESAM,0,1,1,0,0,0,0
ENSP00000279227,KOG3727,29,Ctenophora,FERMT3,0,0,1,0,0,0,0
ENSP00000280357,NOG244842,17,Sauropsida,IL18,0,0,1,0,0,0,0
ENSP00000281821,COG0515,37,Metamonada,EPHA4,0,0,1,0,1,0,0
ENSP00000282020,KOG1052,28,Porifera,GRID2,0,1,0,0,0,0,0
ENSP00000282588,KOG3637,30,Choanoflagellata,ITGA1,0,0,1,0,0,0,0
ENSP00000283147,KOG3900,29,Ctenophora,BMP6,0,0,1,0,0,0,0
ENSP00000283228,COG5599,37,Metamonada,PTPRR,0,0,1,0,0,0,0
ENSP00000283249,KOG1226,30,Choanoflagellata,ITGB6,0,0,1,0,0,0,0
ENSP00000283285,NOG09769,17,Sauropsida,CD96,0,0,1,0,0,0,0
ENSP00000284240,NOG21071,20,Actinopterygii,THY1,1,1,1,0,0,0,0
ENSP00000284523,KOG3913,29,Ctenophora,WNT3A,0,1,0,0,0,0,0
ENSP00000284878,NOG03235,22,Cephalochordata,CXADR,0,0,0,0,0,0,1
ENSP00000284981,KOG4295,30,Choanoflagellata,APP,0,1,0,0,0,0,1
ENSP00000285018,KOG3913,29,Ctenophora,WNT7A,0,1,0,0,0,0,0
ENSP00000285407,KOG1721,37,Metamonada,KLF10,0,0,0,0,0,0,1
ENSP00000285735,COG1100,37,Metamonada,RHOC,0,1,0,0,0,0,0
ENSP00000286201,KOG3577,29,Ctenophora,FZD7,0,0,1,0,0,0,0
ENSP00000286301,KOG0200,30,Choanoflagellata,CSF1R,0,1,0,0,0,0,0
ENSP00000286760,NOG232978,23,Ambulacraria,WHAMM,0,1,1,0,0,0,0
ENSP00000286827,KOG3519,32,Amoebozoa,TIAM1,0,0,1,0,1,0,0
ENSP00000287139,KOG3900,29,Ctenophora,NODAL,0,0,1,0,0,0,0
ENSP00000287820,KOG3575,29,Ctenophora,PPARG,0,0,0,1,0,0,0
ENSP00000292408,KOG0200,30,Choanoflagellata,FGFR4,0,0,0,1,0,0,0
ENSP00000292513,KOG3656,30,Choanoflagellata,PTGER1,0,0,0,0,0,0,1
ENSP00000293373,KOG1917,30,Choanoflagellata,NCKAP1L,0,0,1,0,0,0,0
ENSP00000293379,KOG3637,30,Choanoflagellata,ITGA5,0,0,1,0,0,0,0
ENSP00000293549,KOG3913,29,Ctenophora,WNT1,0,0,1,0,0,0,0
ENSP00000294728,NOG258565,20,Actinopterygii,VCAM1,1,0,1,0,0,0,0
ENSP00000295522,NOG11150,20,Actinopterygii,CLDN1,0,1,0,0,0,0,1
ENSP00000295851,KOG2546,30,Choanoflagellata,ABI2,0,1,0,0,0,0,0
ENSP00000296181,KOG1226,30,Choanoflagellata,ITGB5,0,0,1,0,0,0,0
ENSP00000296387,NOG03763,21,Tunicata,CLDN19,0,0,1,0,0,0,0
ENSP00000296585,KOG3637,30,Choanoflagellata,ITGA2,0,0,1,0,0,0,1
ENSP00000296677,NOG02267,20,Actinopterygii,F2RL1,0,1,0,0,0,0,0
ENSP00000297268,KOG3544,34,Discoba,COL1A2,0,0,0,1,0,0,0
ENSP00000298552,NOG246585,29,Ctenophora,TSC1,0,1,1,0,0,0,0
ENSP00000299106,NOG05828,15,Metatheria,JAM3,1,1,1,0,0,0,0
ENSP00000300404,NOG05445,23,Ambulacraria,B4GALNT2,0,0,1,0,0,0,0
ENSP00000300574,KOG4792,30,Choanoflagellata,CRK,0,0,1,0,0,0,0
ENSP00000300738,COG0209,36,SAR,RRM1,0,0,0,0,0,0,1
ENSP00000301272,NOG250334,15,Metatheria,TMIGD2,0,0,1,0,0,0,0
ENSP00000301945,NOG04090,23,Ambulacraria,ANTXR1,0,0,1,0,0,0,0
ENSP00000302599,KOG2619,34,Discoba,FUT9,1,0,1,0,0,0,0
ENSP00000302621,COG4886,37,Metamonada,LRG1,0,0,1,0,1,0,0
ENSP00000302625,KOG3589,32,Amoebozoa,AXIN2,0,0,0,0,1,0,0
ENSP00000302846,KOG3656,30,Choanoflagellata,PTGER4,1,0,0,0,0,0,0
ENSP00000303231,NOG33393,17,Sauropsida,IL12A,0,0,1,0,0,0,0
ENSP00000303507,KOG4269,32,Amoebozoa,BCR,0,1,1,0,0,0,0
ENSP00000304283,COG1100,37,Metamonada,RAC3,0,0,1,0,0,0,0
ENSP00000304408,KOG3544,34,Discoba,COL3A1,0,0,1,1,0,0,0
ENSP00000304895,NOG06917,24,Ecdysozoa,IRS1,0,0,0,0,0,0,1
ENSP00000305529,NOG22260,20,Actinopterygii,SIRPG,0,0,1,0,0,0,0
ENSP00000305603,KOG2619,34,Discoba,FUT3,0,0,1,0,0,0,0
ENSP00000306099,KOG2579,24,Ecdysozoa,FGB,0,0,1,0,0,0,0
ENSP00000306330,COG5040,37,Metamonada,YWHAG,0,0,1,0,0,0,0
ENSP00000306864,COG4886,37,Metamonada,VASN,0,0,0,0,1,0,0
ENSP00000307959,COG5069,36,SAR,DST,0,1,0,0,0,0,0
ENSP00000308576,COG1100,37,Metamonada,RHOD,0,1,1,0,0,0,0
ENSP00000308753,KOG3735,30,Choanoflagellata,TMOD3,0,0,1,0,0,0,0
ENSP00000308938,COG5640,30,Choanoflagellata,PLG,0,0,1,0,0,0,1
ENSP00000309591,KOG0616,37,Metamonada,PRKACA,0,1,0,0,0,0,0
ENSP00000309953,KOG1217,37,Metamonada,EFEMP2,0,0,1,1,0,0,0
ENSP00000309968,KOG3658,30,Choanoflagellata,ADAM17,0,0,1,0,0,0,0
ENSP00000310094,KOG0577,30,Choanoflagellata,TAOK2,0,1,1,0,0,0,0
ENSP00000310448,KOG2217,33,Viridiplantae,SART1,0,0,1,0,0,0,0
ENSP00000311005,KOG0660,37,Metamonada,MAPK7,0,0,1,0,0,0,0
ENSP00000311032,KOG3573,29,Ctenophora,CASP3,0,0,0,0,0,0,1
ENSP00000312002,NOG26156,20,Actinopterygii,HAVCR2,0,0,1,0,0,0,0
ENSP00000312021,NOG24221,19,Coelacanthimorpha,FUT1,0,0,1,0,0,0,0
ENSP00000312652,NOG28618,19,Coelacanthimorpha,LEP,0,0,1,0,0,0,0
ENSP00000312999,KOG0082,34,Discoba,GNAI2,0,0,0,0,0,0,1
ENSP00000313169,NOG06300,28,Porifera,NPHP1,0,1,0,0,0,0,0
ENSP00000313391,KOG3535,29,Ctenophora,DAB2,0,0,0,0,1,0,0
ENSP00000313875,NOG257694,14,Afrotheria,CD46,0,0,1,0,0,0,0
ENSP00000313921,COG0225,37,Metamonada,MSRA,0,0,0,0,0,0,1
ENSP00000314067,KOG0578,37,Metamonada,PAK2,0,1,0,0,0,0,0
ENSP00000315130,NOG00771,20,Actinopterygii,CLU,0,0,0,0,0,0,1
ENSP00000315477,KOG4297,30,Choanoflagellata,CD209,0,0,1,0,0,0,0
ENSP00000315997,NOG15898,18,Amphibia,LILRB1,0,0,1,0,0,0,0
ENSP00000316338,NOG06845,22,Cephalochordata,BAIAP2,0,0,1,0,0,0,0
ENSP00000316779,KOG3771,32,Amoebozoa,BIN1,0,0,0,0,0,0,1
ENSP00000317891,NOG246177,23,Ambulacraria,TNIP1,0,0,1,0,0,0,0
ENSP00000317985,COG0515,37,Metamonada,ROCK2,0,1,0,0,0,0,0
ENSP00000318142,KOG2619,34,Discoba,FUT7,1,0,1,0,0,0,0
ENSP00000320147,COG2940,37,Metamonada,EZH2,0,0,0,0,1,0,0
ENSP00000320866,KOG0674,34,Discoba,CALR,0,0,1,0,0,0,0
ENSP00000321326,NOG258820,20,Actinopterygii,F2R,0,1,0,0,0,0,0
ENSP00000321345,NOG248765,20,Actinopterygii,IL23R,0,0,1,0,0,0,0
ENSP00000321606,COG0044,35,Rhodophyta,CRMP1,0,0,0,0,0,0,1
ENSP00000323280,NOG259005,20,Actinopterygii,CD6,0,0,1,0,0,0,0
ENSP00000323856,COG5069,36,SAR,PLEC,0,1,0,0,0,0,0
ENSP00000324806,COG0515,37,Metamonada,GSK3B,0,0,1,0,1,0,0
ENSP00000324890,NOG18533,20,Actinopterygii,CD28,0,0,1,0,0,0,0
ENSP00000325527,KOG1217,37,Metamonada,FBN1,0,0,1,0,0,0,0
ENSP00000326031,COG0639,37,Metamonada,PPP1CA,0,0,1,0,0,0,0
ENSP00000327251,COG0369,37,Metamonada,NOS2,0,0,0,0,0,0,1
ENSP00000327290,KOG3637,30,Choanoflagellata,ITGA11,0,0,1,0,0,0,0
ENSP00000327801,COG0526,37,Metamonada,P4HB,0,0,1,0,0,0,0
ENSP00000328777,KOG3858,24,Ecdysozoa,EFNA5,0,1,1,0,0,0,0
ENSP00000329127,KOG0694,32,Amoebozoa,PRKCH,0,1,0,0,0,0,0
ENSP00000329715,COG1163,37,Metamonada,DRG1,0,0,0,0,0,0,1
ENSP00000329797,NOG10515,20,Actinopterygii,CADM1,0,0,0,0,0,0,1
ENSP00000329991,NOG61523,18,Amphibia,IFNL1,0,0,1,0,0,0,0
ENSP00000330382,NOG23958,20,Actinopterygii,PDGFB,0,0,1,0,0,0,0
ENSP00000331544,KOG1217,37,Metamonada,FBLN1,0,0,1,0,0,0,0
ENSP00000331678,KOG1048,30,Choanoflagellata,PKP3,0,1,1,0,0,0,0
ENSP00000331682,KOG4441,36,SAR,KLHL22,0,0,1,0,0,0,0
ENSP00000331736,KOG4297,30,Choanoflagellata,SELE,1,0,1,0,0,0,0
ENSP00000331746,NOG269657,20,Actinopterygii,CALCA,0,0,1,0,0,0,0
ENSP00000331983,KOG4242,24,Ecdysozoa,CARMIL1,0,0,1,0,0,0,0
ENSP00000332118,COG0515,37,Metamonada,EPHB3,0,0,1,0,0,0,1
ENSP00000332973,KOG3701,29,Ctenophora,SMAD3,0,0,0,1,1,0,0
ENSP00000333919,NOG33216,14,Afrotheria,BTLA,0,0,1,0,0,0,0
ENSP00000334008,KOG3631,30,Choanoflagellata,PARVA,0,0,1,0,0,0,0
ENSP00000335062,NOG246954,17,Sauropsida,PDCD1,0,0,1,0,0,0,0
ENSP00000335074,NOG253091,15,Metatheria,GHRL,0,1,0,0,0,0,0
ENSP00000336800,KOG4441,36,SAR,KLHL25,0,0,1,0,0,0,0
ENSP00000336829,KOG2579,24,Ecdysozoa,FGG,0,0,1,0,0,0,0
ENSP00000337060,COG0105,37,Metamonada,NME1,0,0,0,0,0,0,1
ENSP00000337451,COG0515,37,Metamonada,EPHA3,0,1,1,0,0,0,0
ENSP00000337907,COG0194,37,Metamonada,MPP7,0,1,0,0,0,0,0
ENSP00000338171,NOG08024,23,Ambulacraria,SKAP1,0,0,1,0,0,0,0
ENSP00000338967,KOG2710,31,Fungi,ARHGAP6,0,1,1,0,0,0,0
ENSP00000339145,KOG3911,37,Metamonada,RRP1B,0,0,0,0,0,0,1
ENSP00000339191,NOG06801,24,Ecdysozoa,CAV1,0,0,1,0,0,0,0
ENSP00000339328,NOG24490,20,Actinopterygii,PLAUR,0,0,1,1,0,0,0
ENSP00000339467,COG1100,37,Metamonada,RHOG,0,1,0,0,0,0,0
ENSP00000339730,NOG258312,29,Ctenophora,THBS4,0,0,1,0,0,0,0
ENSP00000340330,COG5027,37,Metamonada,KAT5,0,0,1,0,0,0,0
ENSP00000340989,COG5040,37,Metamonada,SFN,0,0,1,0,0,0,0
ENSP00000341189,KOG4257,30,Choanoflagellata,PTK2,0,1,1,0,1,0,0
ENSP00000341208,KOG3667,30,Choanoflagellata,STAT5A,0,0,1,0,0,0,0
ENSP00000341551,KOG3701,29,Ctenophora,SMAD4,0,0,0,1,0,0,1
ENSP00000341785,COG1272,36,SAR,ADIPOR1,0,0,0,0,1,0,0
ENSP00000341905,KOG3508,32,Amoebozoa,RASAL3,0,0,1,0,0,0,0
ENSP00000342114,NOG18285,20,Actinopterygii,ICAM4,0,0,1,0,0,0,0
ENSP00000342307,COG5025,36,SAR,FOXM1,0,0,0,0,1,0,0
ENSP00000342609,KOG2329,33,Viridiplantae,ACER2,0,0,1,0,0,0,0
ENSP00000342858,KOG3727,29,Ctenophora,FERMT2,0,1,1,0,1,0,0
ENSP00000343129,NOG259342,18,Amphibia,TRIM29,0,0,1,0,0,0,0
ENSP00000343158,KOG3530,30,Choanoflagellata,EPB41L3,0,0,0,0,0,0,1
ENSP00000343690,COG0044,35,Rhodophyta,DPYSL3,0,0,0,0,0,0,1
ENSP00000344666,KOG3529,30,Choanoflagellata,NF2,0,0,1,0,0,0,0
ENSP00000345008,KOG1217,37,Metamonada,FBLN5,0,0,0,1,0,0,0
ENSP00000345347,COG5648,36,SAR,HMGB1,0,0,1,0,0,0,0
ENSP00000345731,COG0194,37,Metamonada,DLG1,0,1,0,0,0,0,0
ENSP00000346032,KOG0819,33,Viridiplantae,ANXA2,0,0,1,0,0,0,0
ENSP00000346148,KOG0583,37,Metamonada,PRKAA1,0,0,1,0,0,0,0
ENSP00000346300,KOG4792,30,Choanoflagellata,CRKL,0,0,1,0,0,0,0
ENSP00000346671,COG0515,37,Metamonada,FYN,0,0,1,0,0,0,0
ENSP00000346839,NOG00382,23,Ambulacraria,FN1,0,0,1,0,0,0,0
ENSP00000347379,NOG230762,20,Actinopterygii,OCLN,0,1,0,0,0,0,0
ENSP00000347427,KOG0587,30,Choanoflagellata,MINK1,0,0,1,0,0,0,0
ENSP00000347948,NOG270091,14,Afrotheria,TNFRSF14,0,0,1,0,0,0,0
ENSP00000348461,COG1100,37,Metamonada,RAC1,0,1,1,0,0,0,0
ENSP00000348635,NOG277541,20,Actinopterygii,JAML,1,0,0,0,0,0,0
ENSP00000349003,KOG3656,30,Choanoflagellata,PTGER3,0,0,0,0,0,0,1
ENSP00000349252,KOG3637,30,Choanoflagellata,ITGAL,1,0,1,0,0,0,0
ENSP00000349436,KOG3607,31,Fungi,ADAM15,0,0,1,0,0,0,0
ENSP00000349446,COG0010,34,Discoba,ARG1,0,0,1,0,0,0,0
ENSP00000350425,NOG03742,20,Actinopterygii,APOA4,0,0,1,0,0,0,0
ENSP00000350844,KOG0849,31,Fungi,PAX5,0,0,0,0,0,0,1
ENSP00000351209,COG0515,37,Metamonada,EPHA2,0,1,0,0,0,0,0
ENSP00000351273,KOG3573,29,Ctenophora,CASP8,0,0,0,0,0,0,1
ENSP00000351602,KOG2619,34,Discoba,FUT4,0,0,1,0,0,0,0
ENSP00000351905,COG0515,37,Metamonada,TGFBR2,0,0,1,0,1,0,0
ENSP00000352138,KOG3510,30,Choanoflagellata,KIRREL1,0,1,0,0,0,0,0
ENSP00000352420,NOG03212,22,Cephalochordata,LDLRAD4,0,0,0,0,1,0,0
ENSP00000352833,COG5599,37,Metamonada,PTPN22,0,0,1,0,0,0,0
ENSP00000353099,NOG15725,20,Actinopterygii,HLA-DRB1,0,0,1,0,0,0,0
ENSP00000353259,NOG31937,20,Actinopterygii,CD300A,0,0,1,0,0,0,0
ENSP00000353408,KOG3529,30,Choanoflagellata,MSN,0,0,1,0,0,0,0
ENSP00000353731,COG1506,37,Metamonada,DPP4,0,0,1,1,0,0,0
ENSP00000353850,NOG03534,23,Ambulacraria,ITGB1BP1,0,1,1,0,0,0,0
ENSP00000354040,COG1084,37,Metamonada,GTPBP4,0,0,1,0,0,0,0
ENSP00000354416,NOG66960,17,Sauropsida,CCL28,1,0,1,0,0,0,0
ENSP00000354532,COG0005,37,Metamonada,PNP,0,0,1,0,0,0,0
ENSP00000354558,COG5032,37,Metamonada,MTOR,0,0,0,0,1,0,0
ENSP00000354566,NOG33424,20,Actinopterygii,CD3E,0,0,1,0,0,0,0
ENSP00000354923,COG5069,36,SAR,DMD,0,0,0,0,0,0,1
ENSP00000355094,COG5176,36,SAR,QKI,0,0,0,0,1,0,0
ENSP00000355361,NOG16609,17,Sauropsida,CD47,0,0,1,0,0,0,0
ENSP00000355627,COG4826,28,Porifera,AGT,0,1,0,1,0,0,0
ENSP00000355652,COG1100,37,Metamonada,RHOU,0,1,0,0,0,0,0
ENSP00000355896,KOG3900,29,Ctenophora,TGFB2,0,0,0,1,1,0,0
ENSP00000356319,COG5059,37,Metamonada,KIF14,0,0,1,0,0,0,0
ENSP00000356515,COG5069,36,SAR,UTRN,0,0,1,0,0,0,0
ENSP00000356621,KOG3508,32,Amoebozoa,RASAL2,0,0,0,0,0,0,1
ENSP00000356791,NOG13312,22,Cephalochordata,DPT,0,0,0,0,0,0,1
ENSP00000356792,NOG30968,17,Sauropsida,XCL1,0,0,1,0,0,0,0
ENSP00000357005,NOG10006,20,Actinopterygii,F11R,1,1,1,0,0,0,0
ENSP00000357047,KOG1883,30,Choanoflagellata,MED23,0,0,0,0,0,0,1
ENSP00000357288,KOG4107,30,Choanoflagellata,LAMTOR2,0,1,0,0,0,0,0
ENSP00000357392,KOG3858,24,Ecdysozoa,EFNA1,0,0,1,0,0,0,0
ENSP00000357470,NOG15115,20,Actinopterygii,IL6R,0,0,1,0,0,0,0
ENSP00000357727,NOG271637,17,Sauropsida,S100A9,0,0,1,0,0,0,0
ENSP00000357801,NOG30694,20,Actinopterygii,S100A10,0,1,1,0,0,0,0
ENSP00000357883,COG5253,37,Metamonada,PIP5K1A,0,1,1,0,0,0,0
ENSP00000357981,COG4870,37,Metamonada,CTSS,0,0,0,1,0,0,0
ENSP00000358310,KOG3637,30,Choanoflagellata,ITGA10,0,0,1,0,0,0,0
ENSP00000358723,COG1100,37,Metamonada,RAP1A,0,1,0,0,0,0,0
ENSP00000358770,KOG0579,30,Choanoflagellata,SLK,0,1,1,0,0,0,0
ENSP00000358866,COG5069,36,SAR,FLNA,0,0,1,0,0,0,0
ENSP00000358997,COG0515,37,Metamonada,IRAK1,0,0,1,0,0,0,0
ENSP00000359077,KOG3513,29,Ctenophora,L1CAM,0,0,1,0,0,0,0
ENSP00000359085,KOG3512,28,Porifera,NTNG1,0,0,1,0,0,0,0
ENSP00000359385,NOG257948,23,Ambulacraria,GLMN,0,0,1,0,0,0,0
ENSP00000359552,KOG0694,32,Amoebozoa,PKN2,0,1,0,0,0,0,0
ENSP00000359663,KOG3656,30,Choanoflagellata,CD40LG,0,0,1,0,0,0,0
ENSP00000360296,COG0671,36,SAR,PLPP3,0,0,1,0,0,0,0
ENSP00000360305,KOG1703,36,SAR,PDLIM1,0,0,1,0,0,0,0
ENSP00000360882,KOG3544,34,Discoba,COL5A1,0,0,0,1,0,0,0
ENSP00000361021,COG2453,37,Metamonada,PTEN,0,1,1,0,1,0,1
ENSP00000361423,COG0515,37,Metamonada,ABL1,0,1,1,0,0,0,0
ENSP00000361467,KOG3528,30,Choanoflagellata,DLG5,0,0,1,0,0,0,0
ENSP00000361471,COG0137,36,SAR,ASS1,0,0,1,0,0,0,0
ENSP00000361716,KOG0078,37,Metamonada,RAB40A,0,1,0,0,0,0,0
ENSP00000361818,NOG22019,20,Actinopterygii,SDC4,0,0,1,0,0,0,0
ENSP00000361850,COG5640,30,Choanoflagellata,PLAU,0,0,1,1,0,0,0
ENSP00000362108,NOG83179,15,Metatheria,LCN2,0,0,0,0,0,0,1
ENSP00000362299,NOG18232,20,Actinopterygii,ENG,0,0,0,0,0,0,1
ENSP00000362680,COG0515,37,Metamonada,SRC,0,1,1,0,0,0,0
ENSP00000362776,KOG3544,34,Discoba,COL16A1,0,1,1,0,0,0,0
ENSP00000362924,KOG0443,34,Discoba,GSN,0,0,0,0,0,0,1
ENSP00000363092,COG0664,37,Metamonada,PRKG1,0,0,1,0,0,0,0
ENSP00000363377,COG5025,36,SAR,FOXO4,0,0,0,0,0,0,1
ENSP00000363840,KOG3544,34,Discoba,COL11A2,0,0,0,1,0,0,0
ENSP00000364000,KOG3544,34,Discoba,COL5A2,0,0,0,1,0,0,0
ENSP00000364163,KOG1217,37,Metamonada,NOTCH4,0,0,1,0,0,0,0
ENSP00000364210,NOG58030,16,Prototheria,AGER,1,0,1,0,0,0,0
ENSP00000364683,NOG10082,20,Actinopterygii,BAMBI,0,0,0,0,1,0,0
ENSP00000364886,COG1100,37,Metamonada,RND3,0,0,0,0,0,0,1
ENSP00000365227,COG5126,37,Metamonada,AIF1,0,0,1,0,0,0,0
ENSP00000365380,COG5025,36,SAR,FOXP3,0,0,1,0,0,0,0
ENSP00000365465,NOG57931,16,Prototheria,CDSN,0,0,1,0,0,0,0
ENSP00000365569,COG2268,31,Fungi,FLOT1,0,1,0,0,0,0,0
ENSP00000365817,NOG266535,20,Actinopterygii,HLA-E,0,0,1,0,0,0,0
ENSP00000366109,KOG0819,33,Viridiplantae,ANXA1,0,0,1,0,0,0,0
ENSP00000366267,KOG3821,29,Ctenophora,GPC5,0,0,0,0,0,0,1
ENSP00000367154,COG4886,37,Metamonada,RSU1,0,0,1,0,0,0,0
ENSP00000367316,KOG3637,30,Choanoflagellata,ITGA8,0,0,1,0,0,0,0
ENSP00000367817,NOG23429,17,Sauropsida,PODXL,0,0,1,0,0,0,0
ENSP00000368104,KOG3900,29,Ctenophora,BMP2,0,0,1,0,1,0,0
ENSP00000368632,COG5641,35,Rhodophyta,GATA3,0,0,0,0,1,0,1
ENSP00000369270,KOG1721,37,Metamonada,RREB1,0,0,1,0,0,0,0
ENSP00000369375,KOG0200,30,Choanoflagellata,TEK,0,1,1,0,0,0,0
ENSP00000369554,NOG58109,14,Afrotheria,IFNA2,0,0,1,0,0,0,0
ENSP00000369581,NOG58417,17,Sauropsida,IFNB1,0,0,1,0,0,0,0
ENSP00000369677,NOG07743,20,Actinopterygii,EMILIN1,0,0,1,0,0,0,0
ENSP00000369889,KOG3544,34,Discoba,COL2A1,0,0,0,1,0,0,0
ENSP00000370473,NOG09326,20,Actinopterygii,IGFBP3,0,0,0,0,0,0,1
ENSP00000370698,NOG10066,22,Cephalochordata,IL6ST,0,0,1,0,0,0,0
ENSP00000370989,NOG22308,20,Actinopterygii,CD274,0,0,1,0,0,0,0
ENSP00000371067,COG0515,37,Metamonada,JAK2,0,0,1,0,0,0,0
ENSP00000371219,COG1100,37,Metamonada,RHOH,0,0,1,0,0,0,0
ENSP00000371798,NOG257656,26,Cnidaria,FSCN1,0,1,0,1,0,0,0
ENSP00000371958,KOG3882,30,Choanoflagellata,CD9,0,0,1,0,0,0,1
ENSP00000372295,NOG07478,21,Tunicata,GJB2,0,1,0,0,0,0,0
ENSP00000373574,COG0515,37,Metamonada,ACVRL1,0,1,1,0,0,0,0
ENSP00000373854,KOG3637,30,Choanoflagellata,ITGAD,0,0,1,0,0,0,0
ENSP00000375086,NOG271296,20,Actinopterygii,CCL25,1,0,1,0,0,0,0
ENSP00000375616,NOG15898,18,Amphibia,LILRB4,0,0,1,0,0,0,0
ENSP00000375629,NOG15898,18,Amphibia,LILRB2,0,0,1,0,0,0,0
ENSP00000376436,KOG3806,29,Ctenophora,ETS1,0,0,1,0,0,0,0
ENSP00000376457,KOG3524,30,Choanoflagellata,ECT2,0,1,0,0,0,0,0
ENSP00000376475,COG0664,37,Metamonada,PRKAR1A,0,0,1,0,0,0,0
ENSP00000376808,COG5647,36,SAR,CUL5,0,1,1,0,0,0,0
ENSP00000377508,COG0572,37,Metamonada,JUP,0,1,1,0,0,0,1
ENSP00000377836,KOG3821,29,Ctenophora,GPC3,0,0,0,0,0,0,1
ENSP00000377941,COG5069,36,SAR,ACTN1,0,1,1,0,0,0,0
ENSP00000378332,KOG1703,36,SAR,TGFB1I1,0,0,0,0,1,0,0
ENSP00000378368,COG2268,31,Fungi,FLOT2,0,0,1,0,0,0,0
ENSP00000378577,NOG03763,21,Tunicata,CLDN3,0,1,1,0,0,0,0
ENSP00000378786,NOG15005,20,Actinopterygii,HLA-DRA,0,0,1,0,0,0,0
ENSP00000378856,KOG3587,27,Placozoa,LGALS9,0,0,1,0,0,0,1
ENSP00000379140,NOG240233,20,Actinopterygii,CXCL12,1,0,1,0,0,0,0
ENSP00000379350,KOG1226,30,Choanoflagellata,ITGB1,1,0,1,0,0,0,1
ENSP00000379616,COG5022,36,SAR,MYH11,0,0,0,1,0,0,0
ENSP00000379873,NOG266535,20,Actinopterygii,HLA-A,0,0,1,0,0,0,0
ENSP00000379975,COG0666,37,Metamonada,ILK,0,0,1,0,0,0,0
ENSP00000380150,COG0194,37,Metamonada,CARD11,0,0,1,0,0,0,0
ENSP00000380227,KOG3637,30,Choanoflagellata,ITGA4,1,0,1,0,0,0,0
ENSP00000380638,KOG4257,30,Choanoflagellata,PTK2B,0,0,1,0,0,0,0
ENSP00000380855,NOG22308,20,Actinopterygii,PDCD1LG2,0,0,1,0,0,0,0
ENSP00000380948,KOG1226,30,Choanoflagellata,ITGB2,0,0,1,0,0,0,0
ENSP00000381775,NOG00756,23,Ambulacraria,TNFSF11,0,0,1,0,0,0,0
ENSP00000382004,KOG1048,30,Choanoflagellata,CTNND1,0,0,1,0,0,0,0
ENSP00000382697,COG0515,37,Metamonada,ROCK1,1,1,1,0,0,0,0
ENSP00000382800,KOG3982,30,Choanoflagellata,RUNX3,0,0,0,0,0,0,1
ENSP00000383042,KOG0685,30,Choanoflagellata,KDM1A,0,0,0,0,1,0,0
ENSP00000383364,KOG4087,29,Ctenophora,PLA2G2A,0,0,0,0,0,0,1
ENSP00000384273,NOG04826,20,Actinopterygii,RELA,0,0,1,0,0,0,0
ENSP00000384371,KOG1721,37,Metamonada,BCL6,0,0,1,0,0,0,0
ENSP00000384537,NOG11833,20,Actinopterygii,AKAP12,0,0,0,0,0,0,1
ENSP00000385451,NOG14821,22,Cephalochordata,MDK,0,0,1,0,1,0,0
ENSP00000385675,NOG240695,19,Coelacanthimorpha,IL6,0,0,1,1,1,0,0
ENSP00000386135,KOG0032,37,Metamonada,DAPK1,0,0,0,0,0,0,1
ENSP00000386896,KOG3637,30,Choanoflagellata,ITGA6,0,0,1,0,0,0,0
ENSP00000389140,KOG4221,29,Ctenophora,DCC,0,0,0,0,0,0,1
ENSP00000390265,COG0538,36,SAR,IDH1,0,0,0,0,0,0,1
ENSP00000391826,NOG11666,20,Actinopterygii,IGF2,0,0,1,0,0,0,0
ENSP00000392500,COG2272,34,Discoba,NLGN1,0,1,0,0,0,0,0
ENSP00000393566,NOG15005,20,Actinopterygii,HLA-DPA1,0,0,1,0,0,0,0
ENSP00000397459,COG2453,37,Metamonada,DUSP22,0,1,1,0,0,0,0
ENSP00000398632,NOG256826,20,Actinopterygii,CD44,0,0,1,0,0,0,1
ENSP00000398698,NOG26904,20,Actinopterygii,TNF,1,1,1,0,0,0,0
ENSP00000398890,NOG245543,18,Amphibia,HLA-DMB,0,0,1,0,0,0,0
ENSP00000400010,COG5599,37,Metamonada,PTPRJ,0,1,1,0,0,0,0
ENSP00000400175,COG1100,37,Metamonada,RHOA,0,1,1,0,0,0,0
ENSP00000401303,KOG3697,30,Choanoflagellata,SHC1,0,0,0,0,0,0,1
ENSP00000404854,KOG2931,30,Choanoflagellata,NDRG1,0,0,0,0,0,0,1
ENSP00000406191,KOG3676,28,Porifera,TRPV4,0,0,1,0,0,0,0
ENSP00000407685,KOG2579,24,Ecdysozoa,TNXB,0,0,0,1,0,0,0
ENSP00000408695,KOG0696,30,Choanoflagellata,PRKCA,0,1,1,0,0,0,0
ENSP00000410402,KOG1006,30,Choanoflagellata,MAP2K4,0,0,0,0,0,0,1
ENSP00000416255,KOG0401,36,SAR,EIF4G1,0,1,0,0,0,0,0
ENSP00000416523,KOG3611,30,Choanoflagellata,SEMA4D,0,0,1,0,0,0,0
ENSP00000417273,KOG4226,30,Choanoflagellata,NCK1,0,0,1,0,0,0,0
ENSP00000418447,COG0639,37,Metamonada,PPP2CA,0,0,0,0,1,0,0
ENSP00000422591,COG4886,37,Metamonada,SLIT2,0,0,0,0,0,0,1
ENSP00000427687,KOG0318,34,Discoba,WDR1,0,1,0,0,0,0,0
ENSP00000427926,COG1100,37,Metamonada,RHOBTB2,0,0,0,0,0,0,1
ENSP00000430684,COG0515,37,Metamonada,IKBKB,0,1,0,0,0,0,0
ENSP00000431885,COG0515,37,Metamonada,TYK2,0,0,0,0,0,0,1
ENSP00000431926,KOG0266,37,Metamonada,AMBRA1,0,0,1,0,0,0,0
ENSP00000433623,KOG0297,36,SAR,TRAF6,0,0,1,0,0,0,0
ENSP00000434034,KOG3577,29,Ctenophora,FZD4,0,0,1,0,0,0,0
ENSP00000451828,COG0515,37,Metamonada,AKT1,0,0,1,0,0,0,0
ENSP00000452786,KOG1226,30,Choanoflagellata,ITGB3,0,0,1,0,0,0,0
ENSP00000457421,NOG29623,20,Actinopterygii,PECAM1,1,1,1,0,0,0,0
ENSP00000458162,COG5277,37,Metamonada,ACTG1,0,1,1,0,0,0,0
ENSP00000459615,KOG3565,32,Amoebozoa,SRGAP2,0,0,1,0,0,0,0
ENSP00000462521,KOG3780,32,Amoebozoa,TXNIP,0,0,0,0,0,0,1
ENSP00000463752,NOG07478,21,Tunicata,GJD3,0,1,0,0,0,0,0
ENSP00000469413,KOG0578,37,Metamonada,PAK4,0,1,1,0,0,0,0
ENSP00000474412,NOG271296,20,Actinopterygii,CCL5,0,0,1,0,0,0,0
ENSP00000385477,NOG03763,21,Tunicata,CLDN5,0,1,0,0,0,0,0
ENSP00000415283,NOG18285,20,Actinopterygii,ICAM2,0,0,1,0,0,0,1
ENSP00000364847,KOG4562,34,Discoba,MAGED1,0,0,0,0,0,0,1
ENSP00000414303,NOG10822,23,Ambulacraria,BDNF,0,1,0,0,0,0,0
ENSP00000369071,COG2335,31,Fungi,POSTN,0,0,0,0,0,0,1
ENSP00000454623,KOG3637,30,Choanoflagellata,ITGAX,0,0,1,0,0,0,0
ENSP00000408146,NOG15725,20,Actinopterygii,HLA-DPB1,0,0,1,0,0,0,0
ENSP00000356574,KOG1731,28,Porifera,QSOX1,0,0,0,1,0,0,0
ENSP00000227155,KOG3882,30,Choanoflagellata,CD82,0,0,0,0,0,0,1
ENSP00000447730,KOG3882,30,Choanoflagellata,CD63,0,0,1,0,0,0,1
ENSP00000376889,COG0105,37,Metamonada,NME2,0,0,0,0,0,0,1
ENSP00000362095,NOG02504,20,Actinopterygii,SRPX2,0,1,0,0,0,0,0
ENSP00000262626,COG5640,30,Choanoflagellata,HPN,0,0,0,1,1,0,0
ENSP00000301244,KOG4295,30,Choanoflagellata,SPINT2,0,0,1,0,0,0,0
ENSP00000378431,NOG258877,19,Coelacanthimorpha,MMRN1,0,0,1,0,0,0,0
ENSP00000398736,NOG239425,25,Spiralia,CYR61,0,0,0,0,0,0,1
ENSP00000419465,COG5021,37,Metamonada,WWTR1,0,0,0,0,1,0,0
ENSP00000361777,KOG1508,36,SAR,SET,0,0,0,0,0,0,1
ENSP00000418915,COG0666,37,Metamonada,CDKN2A,0,0,1,0,0,0,1
ENSP00000381949,KOG3544,34,Discoba,COL13A1,0,0,1,0,0,0,0
ENSP00000361965,COG1816,36,SAR,ADA,0,0,1,0,0,0,0
ENSP00000470788,NOG23480,17,Sauropsida,IL12RB1,0,0,1,0,0,0,0
ENSP00000389326,KOG3690,28,Porifera,ACE2,0,1,0,0,0,0,0
ENSP00000472929,KOG2996,30,Choanoflagellata,VAV1,0,0,1,0,0,0,0
ENSP00000360170,KOG2579,24,Ecdysozoa,ANGPTL3,0,0,1,0,0,0,0
ENSP00000427552,KOG1094,30,Choanoflagellata,DDR1,0,0,1,1,0,0,0
ENSP00000481994,COG0515,37,Metamonada,EPHB6,0,0,0,0,0,0,1
ENSP00000479536,NOG255980,16,Prototheria,CD177,1,1,1,0,0,0,0
ENSP00000356468,KOG4441,36,SAR,IVNS1ABP,0,0,0,0,0,0,1
ENSP00000419446,KOG3607,31,Fungi,ADAM9,0,0,1,0,0,0,0
ENSP00000381448,NOG272242,20,Actinopterygii,CST3,0,0,0,1,0,0,0
ENSP00000385523,KOG3575,29,Ctenophora,PPARA,0,0,1,0,0,0,0
ENSP00000405330,KOG3575,29,Ctenophora,ESR1,0,0,0,0,0,0,1
ENSP00000283921,KOG0487,25,Spiralia,HOXA10,0,0,0,0,0,0,1
ENSP00000384823,KOG1777,29,Ctenophora,FBXO11,0,0,0,0,1,0,0
ENSP00000262120,NOG02485,24,Ecdysozoa,TWSG1,0,0,1,0,0,0,0
ENSP00000379204,KOG3900,29,Ctenophora,BMP7,0,0,1,0,0,0,0
ENSP00000442736,KOG3610,30,Choanoflagellata,PLXNB3,0,0,1,0,0,0,0
ENSP00000376849,KOG3573,29,Ctenophora,CASP5,0,0,0,0,0,0,1
ENSP00000400341,COG5025,36,SAR,FOXA2,0,0,0,0,1,0,0
ENSP00000391490,NOG16413,20,Actinopterygii,AGR2,0,0,1,0,0,0,0
ENSP00000346879,KOG0489,29,Ctenophora,NKX2-1,0,0,0,0,1,0,1
ENSP00000340864,NOG258688,22,Cephalochordata,C1QTNF1,0,0,1,0,0,0,0
ENSP00000422007,COG5069,36,SAR,ACTN3,0,1,1,0,0,0,0
ENSP00000385450,COG5021,37,Metamonada,MAGI1,0,0,1,0,0,0,0
ENSP00000270233,NOG259335,21,Tunicata,BCAM,0,0,1,0,0,0,0
ENSP00000367797,NOG05235,28,Porifera,SKI,0,0,0,0,0,0,1
ENSP00000417763,COG0456,37,Metamonada,NAA10,0,0,0,0,0,0,1
ENSP00000359504,KOG2037,33,Viridiplantae,GBP1,0,0,1,0,0,0,0
ENSP00000372221,COG4826,28,Porifera,SERPINB5,0,0,0,0,0,0,1
ENSP00000381133,KOG2579,24,Ecdysozoa,FGL1,0,0,1,0,0,0,0
ENSP00000437256,COG0571,36,SAR,DICER1,0,0,0,0,0,0,1
ENSP00000378400,COG5069,36,SAR,LIMA1,0,0,0,0,0,0,1
ENSP00000394496,COG1985,32,Amoebozoa,CORO1C,0,1,1,0,0,0,0
ENSP00000263735,NOG08512,20,Actinopterygii,EPCAM,0,0,1,0,0,0,0
ENSP00000479860,COG5126,37,Metamonada,CIB1,0,0,1,0,0,0,0
ENSP00000389814,NOG04095,23,Ambulacraria,ADIPOQ,0,0,1,0,0,0,0
ENSP00000379904,KOG3575,29,Ctenophora,THRB,0,0,0,0,0,0,1
ENSP00000481956,KOG0709,30,Choanoflagellata,CREB3L1,0,0,0,0,0,0,1
ENSP00000363804,KOG1721,37,Metamonada,KLF4,0,0,1,0,0,0,1
ENSP00000414856,KOG4004,26,Cnidaria,SPARCL1,0,0,0,0,0,0,1
ENSP00000477725,COG0666,37,Metamonada,KANK1,0,0,1,0,0,0,0
ENSP00000344967,NOG246478,26,Cnidaria,SPRY4,0,0,1,0,0,0,0
ENSP00000373783,NOG04524,26,Cnidaria,LOXL2,0,0,0,1,1,0,0
ENSP00000357564,KOG0078,37,Metamonada,RAB13,0,1,0,0,0,0,0
ENSP00000296350,NOG04602,28,Porifera,MELTF,0,0,1,1,0,0,0
ENSP00000402584,NOG07232,22,Cephalochordata,MDGA1,0,1,1,0,0,0,0
ENSP00000367202,KOG3649,30,Choanoflagellata,RECK,0,0,0,1,0,0,1
ENSP00000335320,NOG02018,20,Actinopterygii,BCL9L,0,0,0,0,1,0,0
ENSP00000457206,KOG3953,29,Ctenophora,SPSB3,0,0,0,0,1,0,0
ENSP00000357980,COG0265,36,SAR,HTRA1,0,0,0,0,0,0,1
ENSP00000433560,KOG3591,26,Cnidaria,CRYAB,0,0,0,0,0,0,1
ENSP00000341292,KOG0584,37,Metamonada,WNK1,0,0,1,0,0,0,0
ENSP00000394888,KOG1997,34,Discoba,DOCK8,0,0,1,0,0,0,0
ENSP00000480359,KOG1703,36,SAR,PDLIM5,0,0,1,0,0,0,0
ENSP00000383376,NOG10255,20,Actinopterygii,JAM2,1,0,1,0,0,0,0
ENSP00000379438,NOG04884,21,Tunicata,UMOD,0,0,1,0,0,0,0
ENSP00000452796,NOG235096,29,Ctenophora,PEAK1,0,1,1,0,0,0,0
ENSP00000368759,NOG01278,29,Ctenophora,NEDD9,0,0,1,0,0,0,0
ENSP00000420091,NOG10229,20,Actinopterygii,SLITRK3,0,1,0,0,0,0,0
ENSP00000436047,KOG2692,24,Ecdysozoa,ST3GAL4,1,0,1,0,0,0,0
ENSP00000483424,KOG0586,36,SAR,MARK1,0,0,0,0,1,0,0
ENSP00000323264,KOG4796,28,Porifera,MARVELD2,0,1,0,0,0,0,0
ENSP00000458585,KOG1565,30,Choanoflagellata,MMP12,0,0,1,0,0,0,0
ENSP00000378957,KOG2579,24,Ecdysozoa,MFAP4,0,0,0,1,0,0,0
ENSP00000442973,KOG0032,37,Metamonada,DAPK3,0,1,1,0,0,0,0
ENSP00000367398,NOG239279,28,Porifera,NPHP4,0,1,0,0,0,0,0
ENSP00000473001,KOG2398,33,Viridiplantae,FCHO1,0,0,1,0,0,0,0
ENSP00000356016,KOG4297,30,Choanoflagellata,CR1,0,0,1,0,0,0,0
ENSP00000393316,COG0526,37,Metamonada,TMX1,0,0,1,0,0,0,0
ENSP00000356162,NOG43638,18,Amphibia,KISS1,0,0,0,0,0,0,1
ENSP00000359532,KOG3656,30,Choanoflagellata,NTSR1,0,0,0,0,0,0,1
ENSP00000406037,COG5027,37,Metamonada,KAT8,0,0,0,0,1,0,0
ENSP00000469049,NOG00756,23,Ambulacraria,TNFSF14,0,0,1,0,0,0,0
ENSP00000410769,COG5082,36,SAR,CNBP,0,0,0,0,0,0,1
ENSP00000482228,NOG04735,23,Ambulacraria,PLEKHA2,0,0,1,0,0,0,0
ENSP00000416696,KOG2006,35,Rhodophyta,RIC1,0,0,0,1,0,0,0
ENSP00000418112,COG5599,37,Metamonada,PTPRG,0,0,1,0,0,0,0
ENSP00000363317,KOG3528,30,Choanoflagellata,FRMPD2,0,1,0,0,0,0,0
ENSP00000392553,COG0671,36,SAR,PPAPDC1B,0,0,0,0,0,0,1
ENSP00000472474,COG1231,36,SAR,IL4I1,0,0,1,0,0,0,0
ENSP00000384262,NOG01637,23,Ambulacraria,HPSE,0,0,1,0,0,0,0
ENSP00000463051,KOG3900,29,Ctenophora,GDF2,0,1,0,0,0,0,0
ENSP00000417404,COG2036,37,Metamonada,HFE,0,0,1,0,0,0,0
ENSP00000484552,NOG07478,21,Tunicata,GJA5,0,1,0,0,0,0,0
ENSP00000424565,KOG3594,30,Choanoflagellata,CDHR2,0,0,1,0,0,0,0
ENSP00000396052,KOG4466,29,Ctenophora,BRMS1,0,0,0,0,0,0,1
ENSP00000451712,KOG2931,30,Choanoflagellata,NDRG2,0,0,0,0,0,0,1
ENSP00000478290,KOG3565,32,Amoebozoa,SRGAP2C,0,1,0,0,0,0,0
