cog_id,root,clade_name,string_id,queryItem,cellular extravasation,cell junction organization,cell adhesion,extracellular matrix organization,epithelial to mesenchymal transition,regulation of metallopeptidase activity,metastasis related
NOG007117,1,Homo,ENSP00000215637,MADCAM1,1,0,1,0,0,0,0
NOG008649,1,Homo,ENSP00000300404,B4GALNT2,0,0,1,0,0,0,0
NOG007763,1,Homo,ENSP00000362238,POF1B,0,1,0,0,0,0,0
NOG008684,1,Homo,ENSP00000236850,APOA1,0,0,1,0,0,0,0
NOG027333,1,Homo,ENSP00000340864,C1QTNF1,0,0,1,0,0,0,0
NOG232073,7,Platyrrhini,ENSP00000424501,HTN1,0,0,1,0,0,0,0
NOG007935,12,Glires,ENSP00000375086,CCL25,1,0,1,0,0,0,0
NOG007109,13,Laurasiatheria,ENSP00000345972,FYB2,0,0,1,0,0,0,0
NOG007814,13,Laurasiatheria,ENSP00000231228,IL12B,0,0,1,0,0,0,0
NOG045619,14,Afrotheria,ENSP00000481841,CD24,0,0,1,0,0,0,0
NOG049830,14,Afrotheria,ENSP00000358294,CD160,0,0,1,0,0,0,0
NOG006966,14,Afrotheria,ENSP00000479536,CD177,1,1,1,0,0,0,0
NOG006678,14,Afrotheria,ENSP00000264832,ICAM1,1,0,1,0,0,0,1
NOG006795,14,Afrotheria,ENSP00000419085,TIGIT,0,0,1,0,0,0,0
NOG007970,14,Afrotheria,ENSP00000362095,SRPX2,0,1,0,0,0,0,0
NOG007959,14,Afrotheria,ENSP00000376637,IGF1,0,0,1,0,0,0,0
NOG007225,14,Afrotheria,ENSP00000497915,IL21,0,0,1,0,0,0,0
NOG007227,14,Afrotheria,ENSP00000283285,CD96,0,0,1,0,0,0,0
NOG008137,14,Afrotheria,ENSP00000252483,NECTIN2,0,0,1,0,0,0,0
NOG007930,14,Afrotheria,ENSP00000361818,SDC4,0,0,1,0,0,0,1
NOG008204,14,Afrotheria,ENSP00000249014,CDC42EP1,0,0,1,0,0,0,0
NOG008615,14,Afrotheria,ENSP00000378786,HLA-DRA,0,0,1,0,0,0,0
NOG006905,15,Metatheria,ENSP00000228534,IL23A,0,0,1,0,0,0,1
NOG011368,15,Metatheria,ENSP00000406970,LAX1,0,0,1,0,0,0,0
NOG008230,15,Metatheria,ENSP00000254528,EMILIN2,0,0,1,0,0,0,0
NOG013178,15,Metatheria,ENSP00000365465,CDSN,0,0,1,0,0,0,0
NOG044029,15,Metatheria,ENSP00000329991,IFNL1,0,0,1,0,0,0,0
NOG007370,16,Prototheria,ENSP00000355361,CD47,0,0,1,0,0,0,1
NOG019895,16,Prototheria,ENSP00000259206,IL1RN,0,0,1,0,0,0,0
NOG008529,16,Prototheria,ENSP00000258613,THSD1,0,1,1,0,0,0,0
NOG007142,17,Sauropsida,ENSP00000303231,IL12A,0,0,1,0,0,0,1
NOG050347,17,Sauropsida,ENSP00000354416,CCL28,1,0,1,0,0,0,0
NOG007280,17,Sauropsida,ENSP00000229135,IFNG,0,0,1,0,0,0,1
NOG007415,17,Sauropsida,ENSP00000263735,EPCAM,0,0,1,0,0,0,1
NOG007283,17,Sauropsida,ENSP00000335062,PDCD1,0,0,1,0,0,0,1
NOG007780,17,Sauropsida,ENSP00000299952,MARVELD3,0,1,0,0,0,0,0
NOG007545,18,Amphibia,ENSP00000385675,IL6,0,0,1,1,1,0,1
NOG007353,18,Amphibia,ENSP00000284240,THY1,1,1,1,0,0,0,1
NOG010102,18,Amphibia,ENSP00000350425,APOA4,0,0,1,0,0,0,0
NOG037906,19,Coelacanthimorpha,ENSP00000269394,ZNF750,0,0,0,0,1,0,0
NOG018092,19,Coelacanthimorpha,ENSP00000393566,HLA-DPA1,0,0,1,0,0,0,0
NOG007967,19,Coelacanthimorpha,ENSP00000354566,CD3E,0,0,1,0,0,0,0
NOG007497,19,Coelacanthimorpha,ENSP00000335074,GHRL,0,1,0,0,0,0,1
NOG008635,19,Coelacanthimorpha,ENSP00000265016,BST1,0,0,1,0,0,0,0
NOG008934,20,Actinopterygii,ENSP00000365817,HLA-E,0,0,1,0,0,0,1
NOG008934,20,Actinopterygii,ENSP00000379873,HLA-A,0,0,1,0,0,0,0
NOG037809,20,Actinopterygii,ENSP00000367433,AJAP1,0,0,1,0,0,0,0
NOG007716,20,Actinopterygii,ENSP00000280357,IL18,0,0,1,0,0,0,1
NOG013710,20,Actinopterygii,ENSP00000259607,CCL21,1,0,1,0,0,0,1
NOG013710,20,Actinopterygii,ENSP00000474412,CCL5,0,0,1,0,0,0,1
NOG008308,20,Actinopterygii,ENSP00000324890,CD28,0,0,1,0,0,0,0
NOG008308,20,Actinopterygii,ENSP00000497102,CTLA4,0,0,1,0,0,0,0
NOG007912,20,Actinopterygii,ENSP00000383376,JAM2,1,0,1,0,0,0,0
NOG007805,20,Actinopterygii,ENSP00000378409,VSIR,0,0,1,0,0,0,0
NOG032763,20,Actinopterygii,ENSP00000380958,MBP,0,0,1,0,0,1,0
NOG037849,20,Actinopterygii,ENSP00000381775,TNFSF11,0,0,1,0,0,0,1
NOG045996,20,Actinopterygii,ENSP00000379140,CXCL12,1,0,1,0,0,0,1
NOG007946,20,Actinopterygii,ENSP00000352540,EMP2,0,0,1,0,0,0,0
NOG007777,20,Actinopterygii,ENSP00000368664,RGCC,0,0,1,1,1,0,0
NOG039735,20,Actinopterygii,ENSP00000312652,LEP,0,0,1,0,0,0,1
NOG040050,20,Actinopterygii,ENSP00000263341,IL1B,0,1,1,0,1,0,1
NOG038821,20,Actinopterygii,ENSP00000366024,HLA-G,0,0,1,0,0,0,0
NOG038821,20,Actinopterygii,ENSP00000417404,HFE,0,0,1,0,0,0,0
NOG011068,20,Actinopterygii,ENSP00000370989,CD274,0,0,1,0,0,0,1
NOG011068,20,Actinopterygii,ENSP00000380855,PDCD1LG2,0,0,1,0,0,0,0
NOG040004,20,Actinopterygii,ENSP00000331746,CALCA,0,0,1,0,0,0,1
NOG050058,20,Actinopterygii,ENSP00000369554,IFNA2,0,0,1,0,0,0,0
NOG050058,20,Actinopterygii,ENSP00000369581,IFNB1,0,0,1,0,0,0,0
NOG008669,20,Actinopterygii,ENSP00000339328,PLAUR,0,0,1,0,0,0,1
NOG007484,20,Actinopterygii,ENSP00000333919,BTLA,0,0,1,0,0,0,0
NOG007757,20,Actinopterygii,ENSP00000461433,MCRIP1,0,0,0,0,1,0,0
NOG008169,20,Actinopterygii,ENSP00000253796,RAMP2,0,1,0,0,0,0,0
NOG007646,20,Actinopterygii,ENSP00000469049,TNFSF14,0,0,1,0,0,0,0
NOG010460,20,Actinopterygii,ENSP00000064724,CLDN11,0,1,0,0,0,0,1
NOG007993,20,Actinopterygii,ENSP00000398698,TNF,1,1,1,0,0,0,1
NOG007952,20,Actinopterygii,ENSP00000309376,CD164,0,0,1,0,0,0,0
NOG008164,20,Actinopterygii,ENSP00000385451,MDK,0,0,1,0,1,0,1
NOG010083,21,Tunicata,ENSP00000389814,ADIPOQ,0,0,1,0,0,0,1
NOG008077,21,Tunicata,ENSP00000391490,AGR2,0,0,1,0,0,0,1
NOG030656,21,Tunicata,ENSP00000357470,IL6R,0,0,1,0,0,0,0
NOG036472,21,Tunicata,ENSP00000330382,PDGFB,0,0,1,0,0,0,1
NOG009240,21,Tunicata,ENSP00000414303,BDNF,0,1,0,0,0,0,1
NOG008010,21,Tunicata,ENSP00000398632,CD44,0,0,1,0,0,0,1
NOG009095,21,Tunicata,ENSP00000372295,GJB2,0,1,0,0,0,0,1
NOG009095,21,Tunicata,ENSP00000494468,GJB6,0,1,0,0,0,0,0
NOG014134,21,Tunicata,ENSP00000278927,ESAM,0,1,1,0,0,0,1
NOG009119,21,Tunicata,ENSP00000348635,JAML,1,0,1,0,0,0,0
NOG007911,21,Tunicata,ENSP00000419124,FAM107A,0,1,1,0,0,0,0
NOG007901,21,Tunicata,ENSP00000391826,IGF2,0,0,1,0,0,0,0
NOG008618,21,Tunicata,ENSP00000500990,SNCA,0,1,0,0,0,0,0
NOG037610,21,Tunicata,ENSP00000364683,BAMBI,0,0,0,0,1,0,0
NOG028457,21,Tunicata,ENSP00000366058,SYNDIG1,0,1,0,0,0,0,0
NOG011775,22,Cephalochordata,ENSP00000299106,JAM3,1,1,1,0,0,0,1
NOG009174,22,Cephalochordata,ENSP00000463752,GJD3,0,1,0,0,0,0,0
NOG009174,22,Cephalochordata,ENSP00000484552,GJA5,0,1,0,0,0,0,0
NOG009932,23,Ambulacraria,ENSP00000233809,IGFBP2,0,0,1,0,0,0,1
NOG037713,23,Ambulacraria,ENSP00000370698,IL6ST,0,0,1,0,0,0,0
NOG010748,23,Ambulacraria,ENSP00000347948,TNFRSF14,0,0,1,0,0,0,0
NOG035590,23,Ambulacraria,ENSP00000377370,IGSF11,0,0,1,0,0,0,0
NOG010311,23,Ambulacraria,ENSP00000317891,TNIP1,0,0,1,0,0,0,0
NOG009867,24,Ecdysozoa,ENSP00000259526,CCN3,0,0,1,0,0,0,0
NOG008138,24,Ecdysozoa,ENSP00000353850,ITGB1BP1,0,1,1,0,0,0,0
NOG009892,24,Ecdysozoa,ENSP00000342023,FBXO38,0,0,1,0,0,0,0
NOG015320,24,Ecdysozoa,ENSP00000274000,AP1AR,0,0,1,0,0,0,0
KOG3587,25,Spiralia,ENSP00000215886,LGALS2,0,0,1,0,0,0,1
KOG3587,25,Spiralia,ENSP00000215909,LGALS1,0,0,1,0,0,0,1
KOG3587,25,Spiralia,ENSP00000254301,LGALS3,0,0,1,0,0,0,0
KOG3587,25,Spiralia,ENSP00000378856,LGALS9,0,0,1,0,0,0,1
NOG009476,25,Spiralia,ENSP00000354498,PHLDB1,0,0,0,1,1,0,0
NOG009476,25,Spiralia,ENSP00000405405,PHLDB2,0,1,1,1,1,0,0
NOG040963,25,Spiralia,ENSP00000364595,NINJ1,0,0,1,0,0,0,0
NOG009505,25,Spiralia,ENSP00000367230,TMEM8B,0,0,1,0,0,0,0
NOG010439,26,Cnidaria,ENSP00000262120,TWSG1,0,0,1,0,0,0,0
KOG4800,26,Cnidaria,ENSP00000316861,GPM6B,0,1,1,1,0,0,0
KOG3858,26,Cnidaria,ENSP00000328777,EFNA5,0,1,1,0,0,0,0
KOG3858,26,Cnidaria,ENSP00000357392,EFNA1,0,0,1,0,0,0,0
KOG4217,26,Cnidaria,ENSP00000482027,NR4A3,0,0,1,0,0,0,0
KOG4447,26,Cnidaria,ENSP00000242261,TWIST1,0,0,0,0,1,0,1
NOG041640,26,Cnidaria,ENSP00000344967,SPRY4,0,0,1,0,0,0,0
KOG2692,26,Cnidaria,ENSP00000436047,ST3GAL4,1,0,1,0,0,0,0
COG3040,26,Cnidaria,ENSP00000345179,APOD,0,1,1,0,0,0,0
KOG1834,27,Placozoa,ENSP00000266546,CLSTN3,0,1,1,0,0,0,0
NOG042698,27,Placozoa,ENSP00000339191,CAV1,0,0,1,0,0,0,1
KOG2462,27,Placozoa,ENSP00000020945,SNAI2,0,1,0,0,0,0,0
KOG2462,27,Placozoa,ENSP00000244050,SNAI1,0,1,0,0,1,0,1
KOG3563,27,Placozoa,ENSP00000250448,FOXA1,0,0,0,0,1,0,0
KOG3563,27,Placozoa,ENSP00000400341,FOXA2,0,0,0,0,1,0,1
KOG3512,27,Placozoa,ENSP00000359085,NTNG1,0,0,1,0,0,0,0
KOG4745,27,Placozoa,ENSP00000218388,TIMP1,0,0,0,0,0,1,1
KOG4745,27,Placozoa,ENSP00000262768,TIMP2,0,0,0,0,0,1,0
KOG3690,27,Placozoa,ENSP00000389326,ACE2,0,1,0,0,0,0,1
COG4826,27,Placozoa,ENSP00000223095,SERPINE1,0,0,1,0,0,0,1
COG4826,27,Placozoa,ENSP00000283752,SERPINB3,0,0,0,0,1,0,1
COG4826,27,Placozoa,ENSP00000355627,AGT,0,1,0,1,0,0,1
KOG4024,27,Placozoa,ENSP00000225698,C1QBP,0,0,1,0,0,0,1
KOG3516,27,Placozoa,ENSP00000264638,CNTNAP1,0,1,0,0,0,0,0
KOG3516,27,Placozoa,ENSP00000354778,CNTNAP2,0,1,0,0,0,0,0
KOG3580,27,Placozoa,ENSP00000348416,TJP1,0,1,1,0,0,0,0
KOG3555,27,Placozoa,ENSP00000378401,SPOCK1,0,0,1,0,0,0,0
NOG007711,27,Placozoa,ENSP00000361599,SVBP,0,0,0,0,0,1,0
KOG3900,28,Porifera,ENSP00000221930,TGFB1,0,0,1,1,1,0,1
KOG3900,28,Porifera,ENSP00000238682,TGFB3,0,0,0,0,1,0,0
KOG3900,28,Porifera,ENSP00000245451,BMP4,0,0,1,0,0,0,1
KOG3900,28,Porifera,ENSP00000283147,BMP6,0,0,1,0,0,0,1
KOG3900,28,Porifera,ENSP00000287139,NODAL,0,0,1,0,0,0,0
KOG3900,28,Porifera,ENSP00000355896,TGFB2,0,0,0,1,1,0,1
KOG3900,28,Porifera,ENSP00000368104,BMP2,0,0,1,0,1,0,1
KOG3900,28,Porifera,ENSP00000379204,BMP7,0,0,1,0,0,0,1
KOG3900,28,Porifera,ENSP00000463051,GDF2,0,1,0,0,0,0,1
KOG3654,28,Porifera,ENSP00000416797,CAMSAP3,0,1,1,0,0,0,0
NOG009012,28,Porifera,ENSP00000484715,SRCIN1,0,0,1,0,0,0,0
KOG3577,28,Porifera,ENSP00000220772,SFRP1,0,0,0,0,1,0,1
KOG3577,28,Porifera,ENSP00000274063,SFRP2,0,0,0,0,1,0,1
KOG3577,28,Porifera,ENSP00000286201,FZD7,0,0,1,0,0,0,1
KOG3577,28,Porifera,ENSP00000434034,FZD4,0,0,1,0,0,0,0
KOG4222,28,Porifera,ENSP00000417335,ROBO2,0,0,1,0,0,0,0
KOG4222,28,Porifera,ENSP00000420321,ROBO1,0,0,1,0,0,0,1
KOG3727,28,Porifera,ENSP00000279227,FERMT3,0,0,1,0,0,0,1
KOG3727,28,Porifera,ENSP00000342858,FERMT2,0,1,1,0,1,0,1
KOG4796,28,Porifera,ENSP00000323264,MARVELD2,0,1,0,0,0,0,0
KOG3248,28,Porifera,ENSP00000265165,LEF1,0,0,0,0,1,0,1
KOG3248,28,Porifera,ENSP00000486891,TCF7L2,0,0,0,0,1,0,0
KOG4788,28,Porifera,ENSP00000375649,MYADM,0,1,1,0,0,0,0
KOG3953,28,Porifera,ENSP00000457206,SPSB3,0,0,0,0,1,0,0
KOG3776,28,Porifera,ENSP00000415743,CD36,0,0,1,0,0,0,0
KOG4005,28,Porifera,ENSP00000216037,XBP1,0,0,1,0,0,0,0
KOG0842,28,Porifera,ENSP00000346879,NKX2-1,0,0,0,0,1,0,1
KOG3735,28,Porifera,ENSP00000308753,TMOD3,0,0,1,0,0,0,0
KOG4566,28,Porifera,ENSP00000496577,SOCS1,0,0,1,0,0,0,0
KOG1588,28,Porifera,ENSP00000355094,QKI,0,0,0,0,1,0,0
KOG3989,28,Porifera,ENSP00000229583,ADTRP,0,0,1,1,0,0,0
KOG3515,28,Porifera,ENSP00000264025,NECTIN1,0,0,1,0,0,0,0
KOG3515,28,Porifera,ENSP00000270233,BCAM,0,0,1,0,0,0,1
KOG3515,28,Porifera,ENSP00000305988,ALCAM,0,0,1,0,0,0,1
KOG3515,28,Porifera,ENSP00000357005,F11R,1,1,1,0,0,0,1
KOG3573,28,Porifera,ENSP00000284878,CXADR,0,0,1,0,0,0,1
KOG4807,28,Porifera,ENSP00000496394,TRIOBP,0,0,1,0,0,0,0
NOG009511,28,Porifera,ENSP00000338806,NFAT5,0,0,1,0,0,0,0
NOG009217,28,Porifera,ENSP00000452796,PEAK1,0,1,1,0,0,0,1
KOG3781,28,Porifera,ENSP00000442600,DAG1,0,0,0,1,1,0,1
NOG010374,28,Porifera,ENSP00000338171,SKAP1,0,0,1,0,0,0,0
KOG1094,29,Ctenophora,ENSP00000427552,DDR1,0,0,1,1,0,0,1
KOG3209,29,Ctenophora,ENSP00000385450,MAGI1,0,0,1,0,0,0,0
KOG4385,29,Ctenophora,ENSP00000365380,FOXP3,0,0,1,0,0,0,1
KOG4286,29,Ctenophora,ENSP00000356515,UTRN,0,0,1,0,0,0,1
KOG3054,29,Ctenophora,ENSP00000346483,DDRGK1,0,0,0,0,0,1,0
KOG3524,29,Ctenophora,ENSP00000376457,ECT2,0,1,0,0,0,0,1
KOG3806,29,Ctenophora,ENSP00000376436,ETS1,0,0,1,0,0,0,1
KOG3529,29,Ctenophora,ENSP00000338934,EZR,0,0,1,0,0,0,0
KOG3529,29,Ctenophora,ENSP00000344666,NF2,0,0,1,0,0,0,1
KOG3529,29,Ctenophora,ENSP00000353408,MSN,0,0,1,0,0,0,1
KOG3529,29,Ctenophora,ENSP00000392105,INAVA,0,1,0,0,0,0,0
KOG3529,29,Ctenophora,ENSP00000496414,RDX,0,0,1,0,0,0,0
KOG3513,29,Ctenophora,ENSP00000359077,L1CAM,0,0,1,0,0,0,1
KOG3637,29,Ctenophora,ENSP00000261023,ITGAV,0,0,1,0,0,0,1
KOG3637,29,Ctenophora,ENSP00000262407,ITGA2B,0,0,1,0,0,0,0
KOG3637,29,Ctenophora,ENSP00000264741,ITGA9,0,0,1,0,0,0,0
KOG3637,29,Ctenophora,ENSP00000282588,ITGA1,0,0,1,0,0,0,0
KOG3637,29,Ctenophora,ENSP00000293379,ITGA5,0,0,1,0,0,0,1
KOG3637,29,Ctenophora,ENSP00000296585,ITGA2,0,0,1,0,0,0,1
KOG3637,29,Ctenophora,ENSP00000315190,ITGA3,0,0,1,0,0,0,0
KOG3637,29,Ctenophora,ENSP00000327290,ITGA11,0,0,1,0,0,0,0
KOG3637,29,Ctenophora,ENSP00000349252,ITGAL,1,0,1,0,0,0,0
KOG3637,29,Ctenophora,ENSP00000353259,CD300A,0,0,1,0,0,0,0
KOG3637,29,Ctenophora,ENSP00000358310,ITGA10,0,0,1,0,0,0,0
KOG3637,29,Ctenophora,ENSP00000367316,ITGA8,0,0,1,0,0,0,0
KOG3637,29,Ctenophora,ENSP00000380227,ITGA4,1,0,1,0,0,0,1
KOG3637,29,Ctenophora,ENSP00000386896,ITGA6,0,0,1,0,0,0,1
KOG3637,29,Ctenophora,ENSP00000454623,ITGAX,0,0,1,0,0,0,0
KOG3637,29,Ctenophora,ENSP00000496959,ITGAM,0,0,1,0,0,0,0
KOG1892,29,Ctenophora,ENSP00000355771,AFDN,0,1,1,0,0,0,0
KOG4179,29,Ctenophora,ENSP00000252599,COLGALT1,0,0,0,1,0,0,0
KOG0904,29,Ctenophora,ENSP00000501150,PIK3CB,0,0,1,0,0,0,0
KOG3913,29,Ctenophora,ENSP00000284523,WNT3A,0,1,0,0,0,0,1
KOG3913,29,Ctenophora,ENSP00000285018,WNT7A,0,1,0,0,0,0,0
KOG3913,29,Ctenophora,ENSP00000293549,WNT1,0,0,1,0,0,0,1
KOG3667,29,Ctenophora,ENSP00000264657,STAT3,0,0,0,0,0,1,1
KOG3667,29,Ctenophora,ENSP00000341208,STAT5A,0,0,1,0,0,0,0
KOG4226,29,Ctenophora,ENSP00000233154,NCK2,0,0,1,0,0,0,0
KOG4226,29,Ctenophora,ENSP00000417273,NCK1,0,0,1,0,0,0,0
KOG4292,29,Ctenophora,ENSP00000265371,NRP1,0,1,1,0,0,0,1
KOG3540,29,Ctenophora,ENSP00000284981,APP,0,1,0,0,0,0,0
KOG3540,29,Ctenophora,ENSP00000345359,PODXL2,1,0,1,0,0,0,0
KOG4792,29,Ctenophora,ENSP00000300574,CRK,0,0,1,0,0,0,1
KOG4792,29,Ctenophora,ENSP00000346300,CRKL,0,0,1,0,0,0,1
KOG3701,29,Ctenophora,ENSP00000262158,SMAD7,0,1,1,0,1,0,1
KOG3701,29,Ctenophora,ENSP00000332973,SMAD3,0,0,0,1,1,0,1
KOG3701,29,Ctenophora,ENSP00000341551,SMAD4,0,0,0,1,0,0,1
KOG3534,29,Ctenophora,ENSP00000479719,CYFIP2,0,1,0,0,0,0,0
KOG3535,29,Ctenophora,ENSP00000313391,DAB2,0,0,0,0,1,0,1
KOG3545,29,Ctenophora,ENSP00000037502,MYOC,0,1,1,0,0,0,0
KOG3545,29,Ctenophora,ENSP00000219022,OLFM4,0,0,1,0,0,0,0
KOG3545,29,Ctenophora,ENSP00000422533,ADGRL3,0,0,1,0,0,0,1
KOG1048,29,Ctenophora,ENSP00000070846,PKP2,0,1,1,0,0,0,0
KOG1048,29,Ctenophora,ENSP00000263946,PKP1,0,0,1,0,0,0,0
KOG1048,29,Ctenophora,ENSP00000331678,PKP3,0,1,1,0,0,0,1
KOG1048,29,Ctenophora,ENSP00000382004,CTNND1,0,0,1,0,0,0,1
KOG1777,29,Ctenophora,ENSP00000384823,FBXO11,0,0,0,0,1,0,0
KOG2546,29,Ctenophora,ENSP00000295851,ABI2,0,1,0,0,0,0,0
KOG3611,29,Ctenophora,ENSP00000416523,SEMA4D,0,0,1,0,0,0,1
KOG3882,29,Ctenophora,ENSP00000263645,CD81,0,0,1,0,0,0,1
KOG3882,29,Ctenophora,ENSP00000371958,CD9,0,0,1,0,0,0,1
KOG3882,29,Ctenophora,ENSP00000447730,CD63,0,0,1,0,0,0,1
NOG009995,29,Ctenophora,ENSP00000485513,WASHC2C,0,0,1,0,0,0,0
NOG009820,29,Ctenophora,ENSP00000371798,FSCN1,0,1,0,1,0,0,1
KOG1917,29,Ctenophora,ENSP00000293373,NCKAP1L,0,0,1,0,0,0,0
KOG2996,29,Ctenophora,ENSP00000472929,VAV1,0,0,1,0,0,0,0
KOG3676,29,Ctenophora,ENSP00000406191,TRPV4,0,0,1,0,0,0,0
KOG2320,29,Ctenophora,ENSP00000255006,RIN2,0,0,1,0,0,0,0
NOG009068,29,Ctenophora,ENSP00000367398,NPHP4,0,1,0,0,0,0,0
KOG2935,29,Ctenophora,ENSP00000496695,ATXN3,0,0,1,0,0,0,0
KOG1225,29,Ctenophora,ENSP00000239462,TNN,0,0,1,0,0,0,1
KOG0577,30,Choanoflagellata,ENSP00000310094,TAOK2,0,1,1,0,0,0,0
KOG3542,30,Choanoflagellata,ENSP00000264431,RAPGEF2,0,1,0,0,0,0,0
KOG0579,30,Choanoflagellata,ENSP00000358770,SLK,0,1,1,0,0,0,0
KOG0033,30,Choanoflagellata,ENSP00000494788,CASK,0,0,1,0,0,0,0
KOG3681,30,Choanoflagellata,ENSP00000211998,VCL,0,1,1,0,0,0,0
KOG2070,30,Choanoflagellata,ENSP00000495631,ARHGEF7,0,1,1,0,0,0,0
KOG3658,30,Choanoflagellata,ENSP00000309968,ADAM17,0,0,1,0,0,0,1
KOG1997,30,Choanoflagellata,ENSP00000394888,DOCK8,0,0,1,0,0,0,0
KOG4257,30,Choanoflagellata,ENSP00000341189,PTK2,0,1,1,0,1,0,1
KOG4257,30,Choanoflagellata,ENSP00000380638,PTK2B,0,0,1,0,0,0,1
KOG2579,30,Choanoflagellata,ENSP00000306099,FGB,0,0,1,0,0,0,0
KOG2579,30,Choanoflagellata,ENSP00000336829,FGG,0,0,1,0,0,0,0
KOG2579,30,Choanoflagellata,ENSP00000360170,ANGPTL3,0,0,1,0,0,0,0
KOG2579,30,Choanoflagellata,ENSP00000366015,ANGPTL7,0,0,0,1,0,0,0
KOG2579,30,Choanoflagellata,ENSP00000378957,MFAP4,0,0,0,1,0,0,0
KOG2579,30,Choanoflagellata,ENSP00000407685,TNXB,0,0,0,1,0,0,0
KOG2579,30,Choanoflagellata,ENSP00000498441,FGA,0,0,1,0,0,0,0
KOG0587,30,Choanoflagellata,ENSP00000347427,MINK1,0,0,1,0,0,0,0
KOG1731,30,Choanoflagellata,ENSP00000356574,QSOX1,0,0,0,1,0,0,0
KOG0200,30,Choanoflagellata,ENSP00000263923,KDR,0,1,1,0,0,0,1
KOG0200,30,Choanoflagellata,ENSP00000286301,CSF1R,0,1,0,0,0,0,0
KOG0200,30,Choanoflagellata,ENSP00000292408,FGFR4,0,0,0,1,0,0,1
KOG0200,30,Choanoflagellata,ENSP00000369375,TEK,0,1,1,0,0,0,1
KOG0200,30,Choanoflagellata,ENSP00000381498,FGFRL1,0,0,1,0,0,0,0
KOG3649,30,Choanoflagellata,ENSP00000166139,FSTL3,0,0,1,0,0,0,0
KOG3649,30,Choanoflagellata,ENSP00000367202,RECK,0,0,0,1,0,1,1
KOG1480,30,Choanoflagellata,ENSP00000385143,UNC5D,0,0,1,0,0,0,0
KOG3610,30,Choanoflagellata,ENSP00000352288,PLXNB2,0,0,1,0,0,0,0
KOG3610,30,Choanoflagellata,ENSP00000442736,PLXNB3,0,0,1,0,0,0,0
KOG0164,30,Choanoflagellata,ENSP00000496954,MYO1C,0,1,0,0,0,0,0
KOG0696,30,Choanoflagellata,ENSP00000408695,PRKCA,0,1,1,0,0,0,1
KOG2272,30,Choanoflagellata,ENSP00000337598,LIMS1,0,1,1,0,0,0,0
KOG2461,30,Choanoflagellata,ENSP00000294489,PDPN,0,0,1,1,1,0,0
KOG3631,30,Choanoflagellata,ENSP00000334008,PARVA,0,0,1,0,0,0,1
KOG4242,30,Choanoflagellata,ENSP00000331983,CARMIL1,0,0,1,0,0,0,0
KOG4242,30,Choanoflagellata,ENSP00000334958,CARMIL2,0,0,0,1,0,0,0
KOG2649,30,Choanoflagellata,ENSP00000223357,AEBP1,0,0,0,1,0,0,0
KOG0674,30,Choanoflagellata,ENSP00000320866,CALR,0,0,1,0,0,0,1
KOG2619,30,Choanoflagellata,ENSP00000302599,FUT9,1,0,1,0,0,0,0
KOG2619,30,Choanoflagellata,ENSP00000305603,FUT3,0,0,1,0,0,0,0
KOG2619,30,Choanoflagellata,ENSP00000318142,FUT7,1,0,1,0,0,0,0
KOG2619,30,Choanoflagellata,ENSP00000351602,FUT4,0,0,1,0,0,0,0
KOG3620,30,Choanoflagellata,ENSP00000386787,TMEM131L,0,0,1,0,0,0,0
NOG009588,30,Choanoflagellata,ENSP00000384262,HPSE,0,0,1,0,0,0,1
KOG3519,31,Fungi,ENSP00000286827,TIAM1,0,0,1,0,1,0,1
KOG4091,31,Fungi,ENSP00000495564,GRHL2,0,1,0,0,0,0,0
KOG0578,31,Fungi,ENSP00000314067,PAK2,0,1,0,0,0,0,0
KOG0578,31,Fungi,ENSP00000469413,PAK4,0,0,1,0,0,0,1
KOG3589,31,Fungi,ENSP00000302625,AXIN2,0,0,0,0,1,0,1
KOG0035,31,Fungi,ENSP00000252699,ACTN4,0,0,1,0,0,0,1
KOG0035,31,Fungi,ENSP00000355537,ACTN2,0,1,1,0,0,0,0
KOG0035,31,Fungi,ENSP00000377941,ACTN1,0,1,1,0,0,0,0
KOG0035,31,Fungi,ENSP00000422007,ACTN3,0,1,1,0,0,0,0
KOG1704,31,Fungi,ENSP00000425631,LIMCH1,0,1,1,0,0,0,0
KOG3886,31,Fungi,ENSP00000231449,IL4,0,0,1,0,0,0,1
KOG0694,31,Fungi,ENSP00000329127,PRKCH,0,1,0,0,0,0,0
KOG0694,31,Fungi,ENSP00000359552,PKN2,0,1,0,0,0,0,0
KOG3508,31,Fungi,ENSP00000259371,DAB2IP,0,0,0,0,1,0,1
KOG3508,31,Fungi,ENSP00000274376,RASA1,0,0,1,0,0,0,1
KOG3508,31,Fungi,ENSP00000341905,RASAL3,0,0,1,0,0,0,0
KOG4269,31,Fungi,ENSP00000303507,BCR,0,1,1,0,0,0,0
KOG3538,31,Fungi,ENSP00000282849,ADAMTS18,0,0,1,0,0,0,0
KOG3538,31,Fungi,ENSP00000422554,ADAMTS12,0,0,1,0,0,0,0
KOG0489,31,Fungi,ENSP00000242159,HOXA7,0,0,1,0,0,0,0
KOG0489,31,Fungi,ENSP00000386498,HOXD3,0,0,1,0,0,0,0
KOG3565,31,Fungi,ENSP00000459615,SRGAP2,0,0,1,0,0,0,0
KOG3565,31,Fungi,ENSP00000478290,SRGAP2C,0,1,0,0,0,0,0
KOG3565,31,Fungi,ENSP00000493121,SRGAP2B,0,1,0,0,0,0,0
KOG0586,31,Fungi,ENSP00000483424,MARK1,0,0,0,0,1,0,0
NOG008990,31,Fungi,ENSP00000221992,CEACAM5,0,0,1,0,0,0,1
NOG008990,31,Fungi,ENSP00000264246,CD80,0,0,1,0,0,0,1
NOG008990,31,Fungi,ENSP00000271417,ILDR2,0,0,1,0,0,0,0
NOG008990,31,Fungi,ENSP00000294728,VCAM1,1,0,1,0,0,0,1
NOG008990,31,Fungi,ENSP00000315997,LILRB1,0,0,1,0,0,0,0
NOG008990,31,Fungi,ENSP00000375616,LILRB4,0,0,1,0,0,0,0
COG0005,31,Fungi,ENSP00000354532,PNP,0,0,1,0,0,0,0
KOG0245,31,Fungi,ENSP00000356319,KIF14,0,0,1,0,0,0,1
KOG2200,31,Fungi,ENSP00000276297,DLC1,0,1,1,0,0,0,1
KOG3607,31,Fungi,ENSP00000257527,ADAM19,0,0,1,0,0,0,0
KOG3607,31,Fungi,ENSP00000349436,ADAM15,0,0,1,0,0,0,1
KOG3607,31,Fungi,ENSP00000419446,ADAM9,0,0,1,0,0,0,1
KOG3607,31,Fungi,ENSP00000453302,ADAM8,1,0,1,0,0,0,0
KOG2046,31,Fungi,ENSP00000359225,CNN3,0,0,1,0,0,0,0
KOG3983,31,Fungi,ENSP00000265070,GOLPH3,1,0,1,0,0,0,0
COG1985,31,Fungi,ENSP00000261861,CORO2B,0,0,1,0,0,0,0
COG1985,31,Fungi,ENSP00000394496,CORO1C,0,1,1,0,0,0,1
KOG3528,31,Fungi,ENSP00000363317,FRMPD2,0,1,0,0,0,0,0
KOG3528,31,Fungi,ENSP00000428184,SDCBP,0,0,0,0,1,0,0
KOG1998,31,Fungi,ENSP00000276440,DOCK5,0,0,1,0,0,0,0
KOG1998,31,Fungi,ENSP00000485033,DOCK1,0,1,1,0,0,0,0
KOG4107,31,Fungi,ENSP00000357288,LAMTOR2,0,1,0,0,0,0,0
KOG2710,31,Fungi,ENSP00000338967,ARHGAP6,0,1,1,0,0,0,0
COG1272,32,Amoebozoa,ENSP00000341785,ADIPOR1,0,0,0,0,1,0,0
COG0631,32,Amoebozoa,ENSP00000263212,PPM1F,0,1,1,0,0,0,0
COG3325,32,Amoebozoa,ENSP00000472474,IL4I1,0,0,1,0,0,0,0
KOG1315,32,Amoebozoa,ENSP00000262096,ZDHHC2,0,0,1,0,0,0,0
COG1552,32,Amoebozoa,ENSP00000216241,CHADL,0,0,0,1,0,0,0
COG1552,32,Amoebozoa,ENSP00000278198,LRRC4C,0,0,1,0,0,0,0
COG1552,32,Amoebozoa,ENSP00000302621,LRG1,0,0,1,0,1,0,1
COG1552,32,Amoebozoa,ENSP00000306864,VASN,0,0,0,0,1,0,0
COG1552,32,Amoebozoa,ENSP00000334374,SLITRK2,0,1,1,0,0,0,0
COG1552,32,Amoebozoa,ENSP00000339912,FLRT3,0,0,1,0,0,0,0
COG1552,32,Amoebozoa,ENSP00000355187,LRRTM3,0,1,0,0,0,0,0
COG1552,32,Amoebozoa,ENSP00000366283,SLITRK5,0,0,1,0,0,0,0
COG1552,32,Amoebozoa,ENSP00000366288,SLITRK1,0,1,1,0,0,0,0
COG1552,32,Amoebozoa,ENSP00000367154,RSU1,0,0,1,0,0,0,0
COG1552,32,Amoebozoa,ENSP00000420091,SLITRK3,0,1,1,0,0,0,1
KOG0819,32,Amoebozoa,ENSP00000346032,ANXA2,0,0,1,0,0,0,1
KOG0819,32,Amoebozoa,ENSP00000366109,ANXA1,0,0,1,0,0,0,1
KOG0490,32,Amoebozoa,ENSP00000315417,ALX1,0,0,0,0,1,0,0
KOG2220,32,Amoebozoa,ENSP00000265562,PTPN23,0,0,1,0,0,0,0
KOG2408,32,Amoebozoa,ENSP00000252804,PXDN,0,0,0,1,0,0,0
KOG0940,32,Amoebozoa,ENSP00000419465,WWTR1,0,0,0,0,1,0,1
KOG0940,32,Amoebozoa,ENSP00000435389,PLEKHA7,0,1,0,0,0,0,0
COG0639,32,Amoebozoa,ENSP00000326031,PPP1CA,0,0,1,0,0,0,0
COG0639,32,Amoebozoa,ENSP00000418447,PPP2CA,0,0,0,0,1,0,1
KOG0318,32,Amoebozoa,ENSP00000427687,WDR1,0,1,0,0,0,0,0
NOG008956,32,Amoebozoa,ENSP00000320794,USF3,0,0,0,0,1,0,0
NOG008956,32,Amoebozoa,ENSP00000353099,HLA-DRB1,0,0,1,0,0,0,0
NOG008956,32,Amoebozoa,ENSP00000398890,HLA-DMB,0,0,1,0,0,0,0
NOG008956,32,Amoebozoa,ENSP00000408146,HLA-DPB1,0,0,1,0,0,0,0
COG0451,32,Amoebozoa,ENSP00000398803,GFUS,0,0,1,0,0,0,0
KOG4297,32,Amoebozoa,ENSP00000228434,CD69,0,0,1,0,0,0,0
KOG4297,32,Amoebozoa,ENSP00000263686,SELP,1,0,1,0,0,0,1
KOG4297,32,Amoebozoa,ENSP00000313875,CD46,0,0,1,0,0,0,0
KOG4297,32,Amoebozoa,ENSP00000315477,CD209,0,0,1,0,0,0,0
KOG4297,32,Amoebozoa,ENSP00000331736,SELE,1,0,1,0,0,0,1
KOG4297,32,Amoebozoa,ENSP00000356016,CR1,0,0,1,0,0,0,1
KOG4297,32,Amoebozoa,ENSP00000356030,CD55,0,0,1,0,0,0,0
KOG4297,32,Amoebozoa,ENSP00000357801,S100A10,0,1,1,0,0,0,1
KOG4297,32,Amoebozoa,ENSP00000498227,SELL,1,0,1,0,0,0,0
COG1597,32,Amoebozoa,ENSP00000312021,FUT1,0,0,1,0,0,0,0
COG2940,32,Amoebozoa,ENSP00000320147,EZH2,0,0,0,0,1,0,1
COG5184,32,Amoebozoa,ENSP00000364585,RCC2,0,1,1,0,0,0,0
KOG1601,32,Amoebozoa,ENSP00000368632,GATA3,0,0,0,0,1,0,1
KOG0254,32,Amoebozoa,ENSP00000352216,SLC2A10,0,0,0,1,0,0,0
KOG0401,32,Amoebozoa,ENSP00000416255,EIF4G1,0,1,0,0,0,0,0
COG0326,32,Amoebozoa,ENSP00000298552,TSC1,0,1,1,0,0,0,0
COG0194,32,Amoebozoa,ENSP00000337907,MPP7,0,1,0,0,0,0,0
COG0194,32,Amoebozoa,ENSP00000345731,DLG1,0,1,0,0,0,0,0
COG0194,32,Amoebozoa,ENSP00000361467,DLG5,0,0,1,0,0,0,0
COG0194,32,Amoebozoa,ENSP00000380150,CARD11,0,0,1,0,0,0,0
KOG0616,32,Amoebozoa,ENSP00000309591,PRKACA,0,1,0,0,0,0,0
COG5640,32,Amoebozoa,ENSP00000216336,CTSG,0,0,1,0,0,0,0
COG5640,32,Amoebozoa,ENSP00000233997,AZU1,1,0,0,0,0,0,0
COG5640,32,Amoebozoa,ENSP00000234347,PRTN3,1,1,0,0,0,0,0
COG5640,32,Amoebozoa,ENSP00000250378,CMA1,0,0,0,1,0,0,0
COG5640,32,Amoebozoa,ENSP00000262626,HPN,0,0,0,1,1,0,0
COG5640,32,Amoebozoa,ENSP00000308938,PLG,0,0,1,0,0,0,1
COG5640,32,Amoebozoa,ENSP00000335320,BCL9L,0,0,0,0,1,0,0
COG5640,32,Amoebozoa,ENSP00000352639,CELA2A,0,0,1,0,0,0,0
COG5640,32,Amoebozoa,ENSP00000361850,PLAU,0,0,1,0,0,0,1
COG2938,32,Amoebozoa,ENSP00000301761,SDHAF2,0,0,0,0,1,0,0
KOG2747,32,Amoebozoa,ENSP00000340330,KAT5,0,0,1,0,0,0,1
KOG2747,32,Amoebozoa,ENSP00000406037,KAT8,0,0,0,0,1,0,0
KOG0032,32,Amoebozoa,ENSP00000442973,DAPK3,0,1,1,0,0,0,0
KOG1565,32,Amoebozoa,ENSP00000226218,VTN,0,0,1,0,0,0,0
KOG1565,32,Amoebozoa,ENSP00000346839,FN1,0,0,1,0,0,0,1
KOG1565,32,Amoebozoa,ENSP00000458585,MMP12,0,0,1,0,0,0,1
KOG4658,32,Amoebozoa,ENSP00000381448,CST3,0,0,0,1,0,0,1
COG0572,32,Amoebozoa,ENSP00000377508,JUP,0,1,1,0,0,0,1
COG0572,32,Amoebozoa,ENSP00000495360,CTNNB1,0,1,1,0,1,0,0
KOG3656,32,Amoebozoa,ENSP00000302846,PTGER4,1,0,0,0,0,0,0
KOG3656,32,Amoebozoa,ENSP00000320084,CD276,0,0,1,0,0,0,0
KOG3656,32,Amoebozoa,ENSP00000359663,CD40LG,0,0,1,0,0,0,0
KOG3656,32,Amoebozoa,ENSP00000498748,GREM1,0,0,0,1,1,0,0
COG1131,32,Amoebozoa,ENSP00000272895,ABCA12,0,0,1,0,0,0,0
COG0474,32,Amoebozoa,ENSP00000421326,ATP2C1,0,0,1,0,0,0,0
COG0666,32,Amoebozoa,ENSP00000199764,CEACAM6,0,0,1,0,0,0,1
COG0666,32,Amoebozoa,ENSP00000244336,CEACAM8,0,0,1,0,0,0,0
COG0666,32,Amoebozoa,ENSP00000271638,S100A11,0,0,1,0,0,0,1
COG0666,32,Amoebozoa,ENSP00000357721,S100A8,0,0,1,0,0,0,0
COG0666,32,Amoebozoa,ENSP00000357727,S100A9,0,0,1,0,0,0,1
COG0666,32,Amoebozoa,ENSP00000379975,ILK,0,0,1,0,0,0,1
COG0666,32,Amoebozoa,ENSP00000418915,CDKN2A,0,0,1,0,0,0,1
COG0666,32,Amoebozoa,ENSP00000477725,KANK1,0,0,1,0,0,0,0
KOG2398,32,Amoebozoa,ENSP00000473001,FCHO1,0,0,1,0,0,0,0
NOG008974,32,Amoebozoa,ENSP00000252999,LAMA5,0,0,1,0,0,0,1
NOG008974,32,Amoebozoa,ENSP00000258341,LAMC1,0,1,1,0,0,0,0
COG2234,32,Amoebozoa,ENSP00000376197,TFRC,0,0,1,0,0,0,0
KOG0994,32,Amoebozoa,ENSP00000222399,LAMB1,0,0,1,0,0,0,0
KOG1983,32,Amoebozoa,ENSP00000324302,STXBP6,0,0,1,0,0,0,0
KOG0239,32,Amoebozoa,ENSP00000442008,KIFC3,0,1,0,0,0,0,0
KOG1474,32,Amoebozoa,ENSP00000378702,BRD2,0,0,1,0,0,0,0
NOG008962,32,Amoebozoa,ENSP00000212355,TGFBR3,0,0,0,1,0,0,1
NOG008962,32,Amoebozoa,ENSP00000228463,SELPLG,1,0,1,0,0,0,1
NOG008962,32,Amoebozoa,ENSP00000232003,HRG,0,1,1,0,0,0,1
NOG008962,32,Amoebozoa,ENSP00000252590,PLVAP,1,0,0,0,0,0,0
NOG008962,32,Amoebozoa,ENSP00000254958,JAG1,0,0,1,0,0,0,1
NOG008962,32,Amoebozoa,ENSP00000260356,THBS1,0,0,1,0,0,0,1
NOG008962,32,Amoebozoa,ENSP00000264094,LOXL3,0,0,1,0,0,0,0
NOG008962,32,Amoebozoa,ENSP00000286760,WHAMM,0,1,1,0,0,0,0
NOG008962,32,Amoebozoa,ENSP00000301945,ANTXR1,0,0,1,0,0,0,1
NOG008962,32,Amoebozoa,ENSP00000309953,EFEMP2,0,0,1,1,0,0,0
NOG008962,32,Amoebozoa,ENSP00000325527,FBN1,0,0,1,0,0,0,1
NOG008962,32,Amoebozoa,ENSP00000331544,FBLN1,0,0,1,0,0,0,0
NOG008962,32,Amoebozoa,ENSP00000339730,THBS4,0,0,1,0,0,0,0
NOG008962,32,Amoebozoa,ENSP00000340900,MIA3,0,0,1,0,0,0,0
NOG008962,32,Amoebozoa,ENSP00000345008,FBLN5,0,0,0,1,0,0,1
NOG008962,32,Amoebozoa,ENSP00000364163,NOTCH4,0,0,1,0,0,0,0
NOG008962,32,Amoebozoa,ENSP00000367817,PODXL,0,0,1,0,0,0,1
NOG008962,32,Amoebozoa,ENSP00000373783,LOXL2,0,0,0,1,1,0,1
NOG008962,32,Amoebozoa,ENSP00000379438,UMOD,0,0,1,0,0,0,0
NOG008962,32,Amoebozoa,ENSP00000384273,RELA,0,0,1,0,0,0,1
NOG008962,32,Amoebozoa,ENSP00000482304,ZP4,0,0,1,0,0,0,0
NOG008962,32,Amoebozoa,ENSP00000498587,NOTCH1,0,0,1,0,0,0,0
COG1231,32,Amoebozoa,ENSP00000383042,KDM1A,0,0,0,0,1,0,1
COG0478,32,Amoebozoa,ENSP00000264972,ZAP70,0,0,1,0,0,0,0
COG0478,32,Amoebozoa,ENSP00000275815,EPHA1,0,0,1,0,0,0,1
COG0478,32,Amoebozoa,ENSP00000281821,EPHA4,0,0,0,0,1,0,1
COG0478,32,Amoebozoa,ENSP00000317985,ROCK2,0,1,0,0,0,0,1
COG0478,32,Amoebozoa,ENSP00000324806,GSK3B,0,0,1,0,1,0,1
COG0478,32,Amoebozoa,ENSP00000332118,EPHB3,0,0,1,0,0,0,1
COG0478,32,Amoebozoa,ENSP00000337451,EPHA3,0,1,1,0,0,0,0
COG0478,32,Amoebozoa,ENSP00000338127,TESK1,0,0,1,0,0,0,0
COG0478,32,Amoebozoa,ENSP00000351209,EPHA2,0,1,0,0,0,0,1
COG0478,32,Amoebozoa,ENSP00000351905,TGFBR2,0,0,1,0,1,0,1
COG0478,32,Amoebozoa,ENSP00000358997,IRAK1,0,0,1,0,0,0,1
COG0478,32,Amoebozoa,ENSP00000361423,ABL1,0,1,1,0,0,0,1
COG0478,32,Amoebozoa,ENSP00000362680,SRC,0,1,1,0,0,0,1
COG0478,32,Amoebozoa,ENSP00000364898,SYK,0,0,1,0,0,0,0
COG0478,32,Amoebozoa,ENSP00000371067,JAK2,0,0,1,0,0,0,1
COG0478,32,Amoebozoa,ENSP00000373574,ACVRL1,0,1,1,0,0,0,0
COG0478,32,Amoebozoa,ENSP00000382697,ROCK1,1,1,1,0,0,0,1
COG0478,32,Amoebozoa,ENSP00000430684,IKBKB,0,1,0,0,0,0,1
COG0478,32,Amoebozoa,ENSP00000431885,TYK2,0,0,1,0,0,0,1
COG0478,32,Amoebozoa,ENSP00000432511,JAK3,0,0,1,0,0,0,0
COG0478,32,Amoebozoa,ENSP00000447297,TGFBR1,0,0,0,1,0,0,0
COG0478,32,Amoebozoa,ENSP00000451828,AKT1,0,0,1,0,0,0,1
COG0478,32,Amoebozoa,ENSP00000477713,LCK,0,0,1,0,0,0,0
COG0478,32,Amoebozoa,ENSP00000499900,JAK1,0,0,1,0,0,0,0
COG0500,32,Amoebozoa,ENSP00000352420,LDLRAD4,0,0,0,0,1,0,0
KOG0161,32,Amoebozoa,ENSP00000379616,MYH11,0,0,0,1,0,0,0
NOG008969,32,Amoebozoa,ENSP00000482228,PLEKHA2,0,0,1,0,0,0,0
COG0235,32,Amoebozoa,ENSP00000264436,ADD2,1,0,1,0,0,0,0
KOG1893,32,Amoebozoa,ENSP00000301015,PIEZO1,0,0,1,0,0,0,0
COG2453,32,Amoebozoa,ENSP00000226004,DUSP3,0,1,1,0,0,0,0
COG2453,32,Amoebozoa,ENSP00000355866,DUSP10,0,0,1,0,0,0,0
COG2453,32,Amoebozoa,ENSP00000361021,PTEN,0,1,1,0,1,0,1
COG2453,32,Amoebozoa,ENSP00000397459,DUSP22,0,1,1,0,0,0,0
KOG0381,32,Amoebozoa,ENSP00000345347,HMGB1,0,0,1,0,0,0,1
KOG0841,32,Amoebozoa,ENSP00000306330,YWHAG,0,0,1,0,0,0,0
KOG0841,32,Amoebozoa,ENSP00000340989,SFN,0,0,1,0,0,0,0
KOG2006,32,Amoebozoa,ENSP00000416696,RIC1,0,0,0,1,0,0,0
COG2340,32,Amoebozoa,ENSP00000367196,GLIPR2,0,0,0,0,1,0,0
COG0308,32,Amoebozoa,ENSP00000371420,GPNMB,0,0,1,0,0,0,0
COG0580,32,Amoebozoa,ENSP00000498622,MIP,0,0,1,0,0,0,0
COG0531,32,Amoebozoa,ENSP00000370128,SLC7A1,0,0,1,0,0,0,0
KOG1721,32,Amoebozoa,ENSP00000256178,LYVE1,1,0,0,0,0,0,1
KOG1721,32,Amoebozoa,ENSP00000363804,KLF4,0,0,1,0,0,0,1
KOG1721,32,Amoebozoa,ENSP00000369270,RREB1,0,0,1,0,0,0,0
KOG1721,32,Amoebozoa,ENSP00000384371,BCL6,0,0,1,0,0,0,0
KOG1721,32,Amoebozoa,ENSP00000456500,ZNF469,0,0,0,1,0,0,0
KOG1721,32,Amoebozoa,ENSP00000264808,PRDM5,0,0,0,1,0,0,0
COG0664,32,Amoebozoa,ENSP00000363092,PRKG1,0,0,1,0,0,0,0
COG0664,32,Amoebozoa,ENSP00000376475,PRKAR1A,0,0,1,0,0,0,0
KOG2294,32,Amoebozoa,ENSP00000339527,FOXO3,0,0,1,0,0,0,0
KOG2294,32,Amoebozoa,ENSP00000493906,FOXC1,0,0,0,0,1,0,0
KOG2037,32,Amoebozoa,ENSP00000359504,GBP1,0,0,1,0,0,0,0
KOG2177,32,Amoebozoa,ENSP00000247470,PYCARD,0,0,1,0,0,0,0
KOG2177,32,Amoebozoa,ENSP00000343129,TRIM29,0,0,1,0,0,0,0
KOG2177,32,Amoebozoa,ENSP00000350402,HHLA2,0,0,1,0,0,0,0
KOG2177,32,Amoebozoa,ENSP00000358470,VTCN1,0,0,1,0,0,0,0
KOG2177,32,Amoebozoa,ENSP00000364210,AGER,1,0,1,0,0,0,1
KOG0799,32,Amoebozoa,ENSP00000415454,GCNT1,1,0,1,0,0,0,0
KOG0799,32,Amoebozoa,ENSP00000419411,GCNT2,0,0,1,0,1,0,0
COG0010,32,Amoebozoa,ENSP00000349446,ARG1,0,0,1,0,0,0,0
KOG1703,32,Amoebozoa,ENSP00000360305,PDLIM1,0,0,1,0,0,0,1
KOG1703,32,Amoebozoa,ENSP00000378332,TGFB1I1,0,0,0,0,1,0,0
KOG1703,32,Amoebozoa,ENSP00000480359,PDLIM5,0,0,1,0,0,0,0
KOG3575,32,Amoebozoa,ENSP00000254066,RARA,0,0,1,0,0,0,0
KOG3575,32,Amoebozoa,ENSP00000287820,PPARG,0,0,0,1,0,0,1
KOG3575,32,Amoebozoa,ENSP00000385523,PPARA,0,0,1,0,0,0,0
KOG3510,32,Amoebozoa,ENSP00000305529,SIRPG,0,0,1,0,0,0,0
KOG3510,32,Amoebozoa,ENSP00000312002,HAVCR2,0,0,1,0,0,0,0
KOG3510,32,Amoebozoa,ENSP00000315465,DSCAML1,0,0,1,0,0,0,0
KOG3510,32,Amoebozoa,ENSP00000323280,CD6,0,0,1,0,0,0,0
KOG3510,32,Amoebozoa,ENSP00000352138,KIRREL1,0,1,0,0,0,0,0
KOG3510,32,Amoebozoa,ENSP00000361663,IL1RAPL2,0,1,0,0,0,0,0
KOG3510,32,Amoebozoa,ENSP00000368278,IL1RAPL1,0,1,0,0,0,0,0
KOG3510,32,Amoebozoa,ENSP00000375629,LILRB2,0,0,1,0,0,0,0
KOG3510,32,Amoebozoa,ENSP00000402584,MDGA1,0,1,1,0,0,0,0
KOG3510,32,Amoebozoa,ENSP00000457421,PECAM1,1,1,1,0,0,0,1
KOG3510,32,Amoebozoa,ENSP00000470788,IL12RB1,0,0,1,0,0,0,0
KOG3510,32,Amoebozoa,ENSP00000478763,SIRPA,0,0,1,0,0,0,0
KOG3510,32,Amoebozoa,ENSP00000484383,TARM1,0,0,1,0,0,0,0
KOG1040,32,Amoebozoa,ENSP00000386488,ZC3H8,0,0,1,0,0,0,0
COG5126,32,Amoebozoa,ENSP00000365227,AIF1,0,0,1,0,0,0,0
COG5126,32,Amoebozoa,ENSP00000479860,CIB1,0,0,1,0,0,0,0
COG0524,32,Amoebozoa,ENSP00000226730,IL2,0,0,1,0,0,0,1
KOG0518,32,Amoebozoa,ENSP00000358866,FLNA,0,0,1,0,0,0,1
KOG3187,32,Amoebozoa,ENSP00000355308,HACD1,0,0,1,0,0,0,0
COG1816,32,Amoebozoa,ENSP00000361965,ADA,0,0,1,0,0,0,0
KOG2235,32,Amoebozoa,ENSP00000358283,UFL1,0,0,1,0,0,0,0
COG0459,32,Amoebozoa,ENSP00000340019,HSPD1,0,0,1,0,0,0,0
KOG2956,32,Amoebozoa,ENSP00000263710,CLASP1,0,1,1,1,1,0,0
KOG2956,32,Amoebozoa,ENSP00000327760,CLASP2,0,1,1,1,1,0,0
KOG2100,32,Amoebozoa,ENSP00000188790,FAP,0,0,0,1,0,0,1
KOG2100,32,Amoebozoa,ENSP00000353731,DPP4,0,0,1,1,0,0,1
KOG0229,32,Amoebozoa,ENSP00000357883,PIP5K1A,0,1,1,0,0,0,0
KOG0594,32,Amoebozoa,ENSP00000265734,CDK6,0,0,1,0,0,0,0
KOG0891,32,Amoebozoa,ENSP00000354558,MTOR,0,0,0,0,1,0,1
COG1100,32,Amoebozoa,ENSP00000245304,RAP2A,0,1,0,0,0,0,0
COG1100,32,Amoebozoa,ENSP00000246792,RRAS,0,0,1,0,0,0,0
COG1100,32,Amoebozoa,ENSP00000249071,RAC2,0,0,1,0,0,0,1
COG1100,32,Amoebozoa,ENSP00000250559,RAP1B,0,1,0,0,0,0,1
COG1100,32,Amoebozoa,ENSP00000285735,RHOC,0,1,0,0,0,0,1
COG1100,32,Amoebozoa,ENSP00000304283,RAC3,0,0,1,0,0,0,1
COG1100,32,Amoebozoa,ENSP00000308576,RHOD,0,1,1,0,0,0,0
COG1100,32,Amoebozoa,ENSP00000339467,RHOG,0,1,0,0,0,0,0
COG1100,32,Amoebozoa,ENSP00000348461,RAC1,0,1,1,0,0,0,1
COG1100,32,Amoebozoa,ENSP00000358723,RAP1A,0,1,0,0,0,0,1
COG1100,32,Amoebozoa,ENSP00000371219,RHOH,0,0,1,0,0,0,0
COG1100,32,Amoebozoa,ENSP00000400175,RHOA,0,1,1,0,0,0,1
COG1100,32,Amoebozoa,ENSP00000497733,CDC42,0,0,1,0,0,0,0
KOG0160,32,Amoebozoa,ENSP00000382492,RADIL,0,0,1,0,0,0,0
NOG008961,32,Amoebozoa,ENSP00000259698,RIPOR2,0,0,1,0,0,0,0
KOG1218,32,Amoebozoa,ENSP00000423354,MEGF10,0,0,1,0,0,0,0
KOG0584,32,Amoebozoa,ENSP00000341292,WNK1,0,0,1,0,0,0,0
KOG3417,32,Amoebozoa,ENSP00000361264,RAPGEF1,0,1,0,0,0,0,0
KOG0297,32,Amoebozoa,ENSP00000433623,TRAF6,0,0,1,0,0,0,1
COG5599,32,Amoebozoa,ENSP00000283228,PTPRR,0,0,1,0,0,0,1
COG5599,32,Amoebozoa,ENSP00000334941,PTPRU,0,0,1,0,0,0,0
COG5599,32,Amoebozoa,ENSP00000352833,PTPN22,0,0,1,0,0,0,0
COG5599,32,Amoebozoa,ENSP00000353030,PTPRF,0,0,1,0,0,0,0
COG5599,32,Amoebozoa,ENSP00000362294,PTPRT,0,0,1,0,0,0,0
COG5599,32,Amoebozoa,ENSP00000370593,PTPRD,0,0,1,0,0,0,1
COG5599,32,Amoebozoa,ENSP00000400010,PTPRJ,0,1,1,0,0,0,0
COG5599,32,Amoebozoa,ENSP00000432973,PTPRK,0,1,1,0,0,0,0
COG5599,32,Amoebozoa,ENSP00000463325,PTPRM,0,0,1,0,0,0,0
COG5599,32,Amoebozoa,ENSP00000467537,PTPRS,0,0,1,0,0,0,0
COG5599,32,Amoebozoa,ENSP00000489597,PTPN11,0,0,1,0,0,0,0
COG5599,32,Amoebozoa,ENSP00000418112,PTPRG,0,0,1,0,0,0,0
KOG0660,32,Amoebozoa,ENSP00000311005,MAPK7,0,0,1,0,0,0,1
KOG0516,32,Amoebozoa,ENSP00000307959,DST,0,1,0,0,0,0,0
KOG0516,32,Amoebozoa,ENSP00000323856,PLEC,0,1,0,0,0,0,1
KOG0516,32,Amoebozoa,ENSP00000354573,MACF1,0,1,1,0,0,0,0
KOG1778,32,Amoebozoa,ENSP00000263253,EP300,0,0,1,0,0,0,1
COG2272,32,Amoebozoa,ENSP00000296350,MELTF,0,0,1,1,0,0,0
COG2272,32,Amoebozoa,ENSP00000370483,NLGN4X,0,1,0,0,0,0,0
COG2272,32,Amoebozoa,ENSP00000392500,NLGN1,0,1,0,0,0,0,0
KOG3544,32,Amoebozoa,ENSP00000006053,CX3CL1,0,0,1,0,0,0,0
KOG3544,32,Amoebozoa,ENSP00000225964,COL1A1,0,0,0,1,1,0,1
KOG3544,32,Amoebozoa,ENSP00000293761,ALOX15,0,0,1,0,0,0,0
KOG3544,32,Amoebozoa,ENSP00000296677,F2RL1,0,1,0,0,0,0,1
KOG3544,32,Amoebozoa,ENSP00000297268,COL1A2,0,0,0,1,0,0,0
KOG3544,32,Amoebozoa,ENSP00000304408,COL3A1,0,0,1,1,0,0,1
KOG3544,32,Amoebozoa,ENSP00000321326,F2R,0,1,0,0,0,0,1
KOG3544,32,Amoebozoa,ENSP00000356792,XCL1,0,0,1,0,0,0,0
KOG3544,32,Amoebozoa,ENSP00000360882,COL5A1,0,0,0,1,0,0,0
KOG3544,32,Amoebozoa,ENSP00000362776,COL16A1,0,1,1,0,0,0,0
KOG3544,32,Amoebozoa,ENSP00000363840,COL11A2,0,0,0,1,0,0,0
KOG3544,32,Amoebozoa,ENSP00000364000,COL5A2,0,0,0,1,0,0,0
KOG3544,32,Amoebozoa,ENSP00000369677,EMILIN1,0,0,1,0,0,0,0
KOG3544,32,Amoebozoa,ENSP00000369889,COL2A1,0,0,0,1,0,0,0
KOG3544,32,Amoebozoa,ENSP00000378431,MMRN1,0,0,1,0,0,0,0
KOG3544,32,Amoebozoa,ENSP00000381949,COL13A1,0,0,1,0,0,0,0
KOG3544,32,Amoebozoa,ENSP00000497653,COL17A1,0,1,0,0,0,0,0
KOG4012,32,Amoebozoa,ENSP00000501245,CD1D,0,0,1,0,0,0,0
KOG0583,32,Amoebozoa,ENSP00000346148,PRKAA1,0,0,1,0,0,0,0
COG4870,32,Amoebozoa,ENSP00000357981,CTSS,0,0,0,1,0,0,1
KOG3168,32,Amoebozoa,ENSP00000301272,TMIGD2,0,0,1,0,0,0,0
KOG4441,32,Amoebozoa,ENSP00000331682,KLHL22,0,0,1,0,0,0,0
KOG4441,32,Amoebozoa,ENSP00000336800,KLHL25,0,0,1,0,0,0,0
COG0092,32,Amoebozoa,ENSP00000278572,RPS3,0,0,1,0,0,0,0
COG0526,32,Amoebozoa,ENSP00000327801,P4HB,0,0,1,0,0,0,0
COG0526,32,Amoebozoa,ENSP00000393316,TMX1,0,0,1,0,0,0,0
COG0137,32,Amoebozoa,ENSP00000361471,ASS1,0,0,1,0,0,0,1
NOG008950,32,Amoebozoa,ENSP00000347379,OCLN,0,1,0,0,0,0,1
NOG008950,32,Amoebozoa,ENSP00000373489,KRT18,0,0,1,0,0,0,0
NOG008950,32,Amoebozoa,ENSP00000431926,AMBRA1,0,0,1,0,0,0,0
KOG1490,32,Amoebozoa,ENSP00000354040,GTPBP4,0,0,1,0,0,0,0
KOG1226,32,Amoebozoa,ENSP00000200181,ITGB4,0,1,1,0,0,0,1
KOG1226,32,Amoebozoa,ENSP00000222573,ITGB8,0,0,1,0,0,0,1
KOG1226,32,Amoebozoa,ENSP00000267082,ITGB7,1,0,1,0,0,0,0
KOG1226,32,Amoebozoa,ENSP00000283249,ITGB6,0,0,1,0,0,0,1
KOG1226,32,Amoebozoa,ENSP00000296181,ITGB5,0,0,1,0,0,0,1
KOG1226,32,Amoebozoa,ENSP00000379350,ITGB1,1,0,1,0,0,0,1
KOG1226,32,Amoebozoa,ENSP00000380948,ITGB2,0,0,1,0,0,0,1
KOG1226,32,Amoebozoa,ENSP00000452786,ITGB3,0,0,1,0,0,0,1
KOG0078,32,Amoebozoa,ENSP00000264710,RAB10,0,0,1,0,0,0,0
KOG0078,32,Amoebozoa,ENSP00000357564,RAB13,0,1,0,0,0,0,0
COG5277,32,Amoebozoa,ENSP00000313169,NPHP1,0,1,0,0,0,0,0
COG5277,32,Amoebozoa,ENSP00000353462,CASS4,0,0,1,0,0,0,0
COG5277,32,Amoebozoa,ENSP00000368759,NEDD9,0,0,1,0,0,0,1
COG5277,32,Amoebozoa,ENSP00000458162,ACTG1,0,1,1,0,0,0,0
COG5277,32,Amoebozoa,ENSP00000494750,ACTB,0,1,0,0,0,0,0
COG0671,32,Amoebozoa,ENSP00000360296,PLPP3,0,0,1,0,0,0,0
KOG1052,32,Amoebozoa,ENSP00000282020,GRID2,0,1,0,0,0,0,0
KOG3594,32,Amoebozoa,ENSP00000257189,DSG3,0,1,0,0,0,0,0
KOG3594,32,Amoebozoa,ENSP00000261590,DSG2,0,1,1,0,1,0,0
KOG3594,32,Amoebozoa,ENSP00000261769,CDH1,0,1,1,0,0,0,1
KOG3594,32,Amoebozoa,ENSP00000268603,CDH11,0,1,1,0,0,0,1
KOG3594,32,Amoebozoa,ENSP00000268613,CDH13,0,0,1,0,0,0,1
KOG3594,32,Amoebozoa,ENSP00000424565,CDHR2,0,0,1,0,0,0,0
KOG3594,32,Amoebozoa,ENSP00000497290,CDH5,0,1,1,0,0,0,0
COG0737,32,Amoebozoa,ENSP00000257770,NT5E,0,0,1,0,0,0,1
KOG2329,32,Amoebozoa,ENSP00000342609,ACER2,0,0,1,0,0,0,0
KOG2669,32,Amoebozoa,ENSP00000490726,FBF1,0,1,0,0,0,0,0
KOG2432,32,Amoebozoa,ENSP00000311401,DENND6A,0,0,1,0,0,0,0
COG2268,32,Amoebozoa,ENSP00000365569,FLOT1,0,1,1,0,0,0,1
COG2268,32,Amoebozoa,ENSP00000378368,FLOT2,0,0,1,0,0,0,1
KOG2812,32,Amoebozoa,ENSP00000360464,NKAP,0,0,1,0,0,0,0
KOG2217,32,Amoebozoa,ENSP00000310448,SART1,0,0,1,0,0,0,0
KOG3186,32,Amoebozoa,ENSP00000235310,MAD2L2,0,0,1,0,1,0,0
COG5590,32,Amoebozoa,ENSP00000359385,GLMN,0,0,1,0,0,0,0
COG1215,32,Amoebozoa,ENSP00000306991,HAS2,0,0,1,0,0,0,0
KOG2642,32,Amoebozoa,ENSP00000005260,BAIAP2L1,0,0,1,0,0,0,0
KOG2642,32,Amoebozoa,ENSP00000316338,BAIAP2,0,0,1,0,0,0,1
KOG3364,32,Amoebozoa,ENSP00000295522,CLDN1,0,1,0,0,0,0,1
KOG3364,32,Amoebozoa,ENSP00000296387,CLDN19,0,0,1,0,0,0,0
KOG3364,32,Amoebozoa,ENSP00000378577,CLDN3,0,1,1,0,0,0,1
KOG3364,32,Amoebozoa,ENSP00000385477,CLDN5,0,1,0,0,0,0,1
KOG4295,32,Amoebozoa,ENSP00000301244,SPINT2,0,0,1,0,0,0,0
KOG4779,32,Amoebozoa,ENSP00000256433,IER3IP1,0,0,0,1,0,0,0
