GeneID	GeneSymb	Alias	Links	Cytoband	Description
1029	CDKN2A	ARF|CDK4I|CDKN2|CMM2|INK4|INK4A|MLM|MTS-1|MTS1|P14|P14ARF|P16|P16-INK4A|P16INK4|P16INK4A|P19|P19ARF|TP16	HGNC:1787|MIM:600160|Ensembl:ENSG00000147889|HPRD:02542|Vega:OTTHUMG00000019686	9p21	cyclin-dependent kinase inhibitor 2A
10395	DLC1	ARHGAP7|HP|STARD12|p122-RhoGAP	HGNC:2897|MIM:604258|Ensembl:ENSG00000164741|HPRD:05035|Vega:OTTHUMG00000090825	8p22	DLC1 Rho GTPase activating protein
10397	NDRG1	CAP43|CMT4D|DRG-1|DRG1|GC4|HMSNL|NDR1|NMSL|PROXY1|RIT42|RTP|TARG1|TDD5	HGNC:7679|MIM:605262|Ensembl:ENSG00000104419|HPRD:05586|Vega:OTTHUMG00000164441	8q24.3	N-myc downstream regulated 1
10553	HTATIP2	CC3|SDR44U1|TIP30	HGNC:16637|MIM:605628|Ensembl:ENSG00000109854|HPRD:09288|Vega:OTTHUMG00000166015	11p15.1	HIV-1 Tat interactive protein 2, 30kDa
10562	OLFM4	GC1|GW112|OLM4|OlfD|UNQ362|bA209J19.1|hGC-1|hOLfD	HGNC:17190|MIM:614061|Ensembl:ENSG00000102837|HPRD:06580|Vega:OTTHUMG00000016981	13q14.3	olfactomedin 4
10610	ST6GALNAC2	SAITL1|SIAT7|SIAT7B|SIATL1|ST6GalNAII|STHM	HGNC:10867|MIM:610137|Ensembl:ENSG00000070731|HPRD:10231|Vega:OTTHUMG00000180301	17q25.1	ST6 (alpha-N-acetyl-neuraminyl-2,3-beta-galactosyl-1,3)-N-acetylgalactosaminide alpha-2,6-sialyltransferase 2
10625	IVNS1ABP	FLARA3|HSPC068|KLHL39|ND1|NS-1|NS1-BP|NS1BP	HGNC:16951|MIM:609209|Ensembl:ENSG00000116679|HPRD:10004|Vega:OTTHUMG00000035384	1q25.1-q31.1	influenza virus NS1A binding protein
10628	TXNIP	EST01027|HHCPA78|THIF|VDUP1	HGNC:16952|MIM:606599|Ensembl:ENSG00000117289|HPRD:05964|Vega:OTTHUMG00000013755	1q21.1	thioredoxin interacting protein
10631	POSTN	OSF-2|OSF2|PDLPOSTN|PN|periostin	HGNC:16953|MIM:608777|Ensembl:ENSG00000133110|HPRD:12295|Vega:OTTHUMG00000016751	13q13.3	periostin, osteoblast specific factor
10765	KDM5B	CT31|JARID1B|PLU-1|PLU1|PPP1R98|PUT1|RBBP2H1A	HGNC:18039|MIM:605393|Ensembl:ENSG00000117139|HPRD:09251|Vega:OTTHUMG00000041401	1q32.1	lysine (K)-specific demethylase 5B
11178	LZTS1	F37|FEZ1	HGNC:13861|MIM:606551|Ensembl:ENSG00000061337|HPRD:05945|Vega:OTTHUMG00000097027	8p22	leucine zipper, putative tumor suppressor 1
1191	CLU	APO-J|APOJ|CLI|CLU1|CLU2|KUB1|NA1/NA2|SGP-2|SGP2|SP-40|TRPM-2|TRPM2	HGNC:2095|MIM:185430|Ensembl:ENSG00000120885|HPRD:01706|Vega:OTTHUMG00000102114	8p21-p12	clusterin
1400	CRMP1	CRMP-1|DPYSL1|DRP-1|DRP1|ULIP-3	HGNC:2365|MIM:602462|Ensembl:ENSG00000072832|HPRD:03913|Vega:OTTHUMG00000125489	4p16.1	collapsin response mediator protein 1
1410	CRYAB	CMD1II|CRYA2|CTPP2|CTRCT16|HEL-S-101|HSPB5|MFM2	HGNC:2389|MIM:123590|Ensembl:ENSG00000109846|HPRD:00428|Vega:OTTHUMG00000166885	11q22.3-q23.1	crystallin, alpha B
1474	CST6	-	HGNC:2478|MIM:601891|Ensembl:ENSG00000175315|HPRD:03535|Vega:OTTHUMG00000166750	11q13	cystatin E/M
1525	CXADR	CAR|CAR4/6|HCAR	HGNC:2559|MIM:602621|Ensembl:ENSG00000154639|HPRD:11804|Vega:OTTHUMG00000074508	21q21.1	coxsackie virus and adenovirus receptor
1612	DAPK1	DAPK	HGNC:2674|MIM:600831|Ensembl:ENSG00000196730|HPRD:02902|Vega:OTTHUMG00000020150	9q21.33	death-associated protein kinase 1
1630	DCC	CRC18|CRCR1|IGDCC1|MRMV1|NTN1R1	HGNC:2701|MIM:120470|HPRD:00391	18q21.3	DCC netrin 1 receptor
166	AES	AES-1|AES-2|ESP1|GRG|GRG5|TLE5	HGNC:307|MIM:600188|Ensembl:ENSG00000104964|HPRD:02556|Vega:OTTHUMG00000180567	19p13.3	amino-terminal enhancer of split
1756	DMD	BMD|CMD3B|DXS142|DXS164|DXS206|DXS230|DXS239|DXS268|DXS269|DXS270|DXS272|MRX85	HGNC:2928|MIM:300377|Ensembl:ENSG00000198947|HPRD:02303|Vega:OTTHUMG00000021336	Xp21.2	dystrophin
1805	DPT	TRAMP	HGNC:3011|MIM:125597|Ensembl:ENSG00000143196|HPRD:00510|Vega:OTTHUMG00000034554	1q12-q23	dermatopontin
1809	DPYSL3	CRMP-4|CRMP4|DRP-3|DRP3|LCRMP|ULIP|ULIP-1	HGNC:3015|MIM:601168|Ensembl:ENSG00000113657|HPRD:03104|Vega:OTTHUMG00000163437	5q32	dihydropyrimidinase-like 3
196	AHR	bHLHe76	HGNC:348|MIM:600253|Ensembl:ENSG00000106546|HPRD:02596|Vega:OTTHUMG00000149967	7p15	aryl hydrocarbon receptor
2022	ENG	END|HHT1|ORW1	HGNC:3349|MIM:131195|Ensembl:ENSG00000106991|HPRD:00565|Vega:OTTHUMG00000020723	9q34.11	endoglin
2033	EP300	KAT3B|RSTS2|p300	HGNC:3373|MIM:602700|Ensembl:ENSG00000100393|HPRD:04078|Vega:OTTHUMG00000150937	22q13.2	E1A binding protein p300
2049	EPHB3	ETK2|HEK2|TYRO6	HGNC:3394|MIM:601839|Ensembl:ENSG00000182580|HPRD:03502|Vega:OTTHUMG00000156710	3q27.1	EPH receptor B3
2051	EPHB6	HEP	HGNC:3396|MIM:602757|Ensembl:ENSG00000106123|HPRD:04133|Vega:OTTHUMG00000155707	7q33-q35	EPH receptor B6
2099	ESR1	ER|ESR|ESRA|ESTRR|Era|NR3A1	HGNC:3467|MIM:133430|Ensembl:ENSG00000091831|HPRD:00589|Vega:OTTHUMG00000016103	6q25.1	estrogen receptor 1
2262	GPC5	-	HGNC:4453|MIM:602446|Ensembl:ENSG00000179399|HPRD:03902|Vega:OTTHUMG00000017200	13q32	glypican 5
23076	RRP1B	KIAA0179|NNP1L|Nnp1|PPP1R136|RRP1	HGNC:23818|MIM:610654|Ensembl:ENSG00000160208|HPRD:10009|Vega:OTTHUMG00000086872	21q22.3	ribosomal RNA processing 1B
23136	EPB41L3	4.1B|DAL-1|DAL1	HGNC:3380|MIM:605331|Ensembl:ENSG00000082397|HPRD:05622|Vega:OTTHUMG00000131562	18p11.32	erythrocyte membrane protein band 4.1-like 3
23221	RHOBTB2	DBC2	HGNC:18756|MIM:607352|Ensembl:ENSG00000008853|HPRD:06300|Vega:OTTHUMG00000097827	8p21.3	Rho-related BTB domain containing 2
23405	DICER1	DCR1|Dicer|HERNA|MNG1|RMSE2	HGNC:17098|MIM:606241|Ensembl:ENSG00000100697|HPRD:05875|Vega:OTTHUMG00000166134	14q32.13	dicer 1, ribonuclease type III
23705	CADM1	BL2|IGSF4|IGSF4A|NECL2|Necl-2|RA175|ST17|SYNCAM|TSLC1|sTSLC-1|sgIGSF|synCAM1	HGNC:5951|MIM:605686|Ensembl:ENSG00000182985|HPRD:05746|Vega:OTTHUMG00000168202	11q23.2	cell adhesion molecule 1
25803	SPDEF	PDEF|bA375E1.3	HGNC:17257|MIM:608144|Ensembl:ENSG00000124664|HPRD:12176|Vega:OTTHUMG00000014548	6p21.3	SAM pointed domain containing ETS transcription factor
25855	BRMS1	-	HGNC:17262|MIM:606259|Ensembl:ENSG00000174744|HPRD:05879|Vega:OTTHUMG00000167081	11q13-q13.2	breast cancer metastasis suppressor 1
2619	GAS1	-	HGNC:4165|MIM:139185|Ensembl:ENSG00000180447|HPRD:00747|Vega:OTTHUMG00000020141	9q21.3-q22	growth arrest-specific 1
2625	GATA3	HDR|HDRS	HGNC:4172|MIM:131320|Ensembl:ENSG00000107485|HPRD:00572|Vega:OTTHUMG00000017640	10p15	GATA binding protein 3
26269	FBXO8	FBS|FBX8	HGNC:13587|MIM:605649|Ensembl:ENSG00000164117|HPRD:07293|Vega:OTTHUMG00000160746	4q34.1	F-box protein 8
27085	MTBP	MDM2BP	HGNC:7417|MIM:605927|Ensembl:ENSG00000172167|HPRD:12068|Vega:OTTHUMG00000165040	8q24.12	MDM2 binding protein
2719	GPC3	DGSX|GTR2-2|MXR7|OCI-5|SDYS|SGB|SGBS|SGBS1	HGNC:4451|MIM:300037|Ensembl:ENSG00000147257|HPRD:02074|Vega:OTTHUMG00000022448	Xq26.1	glypican 3
27250	PDCD4	H731	HGNC:8763|MIM:608610|Ensembl:ENSG00000150593|HPRD:10549|Vega:OTTHUMG00000019048	10q24	programmed cell death 4 (neoplastic transformation inhibitor)
274	BIN1	AMPH2|AMPHL|SH3P9	HGNC:1052|MIM:601248|Ensembl:ENSG00000136717|HPRD:03150|Vega:OTTHUMG00000131465	2q14	bridging integrator 1
2771	GNAI2	GIP|GNAI2B|H_LUCA15.1|H_LUCA16.1	HGNC:4385|MIM:139360|Ensembl:ENSG00000114353|HPRD:00764|Vega:OTTHUMG00000156940	3p21.31	guanine nucleotide binding protein (G protein), alpha inhibiting activity polypeptide 2
2934	GSN	ADF|AGEL	HGNC:4620|MIM:137350|Ensembl:ENSG00000148180|HPRD:00674|Vega:OTTHUMG00000020584	9q33	gelsolin
29956	CERS2	L3|LASS2|SP260|TMSG1	HGNC:14076|MIM:606920|Ensembl:ENSG00000143418|HPRD:06080|Vega:OTTHUMG00000035064	1q21.3	ceramide synthase 2
3082	HGF	DFNB39|F-TCF|HGFB|HPTA|SF	HGNC:4893|MIM:142409|Ensembl:ENSG00000019991|HPRD:00799|Vega:OTTHUMG00000023804	7q21.1	hepatocyte growth factor (hepapoietin A; scatter factor)
3206	HOXA10	HOX1|HOX1.8|HOX1H|PL	HGNC:5100|MIM:142957|Ensembl:ENSG00000253293|HPRD:00845|Vega:OTTHUMG00000023436	7p15.2	homeobox A10
326624	RAB37	-	HGNC:30268|MIM:609956|Ensembl:ENSG00000172794|HPRD:06702|Vega:OTTHUMG00000134282	17q25.1	RAB37, member RAS oncogene family
3384	ICAM2	CD102	HGNC:5345|MIM:146630|Ensembl:ENSG00000108622|HPRD:00888|Vega:OTTHUMG00000178865	17q23.3	intercellular adhesion molecule 2
3394	IRF8	H-ICSBP|ICSBP|ICSBP1|IRF-8	HGNC:5358|MIM:601565|Ensembl:ENSG00000140968|HPRD:03336|Vega:OTTHUMG00000137648	16q24.1	interferon regulatory factor 8
3417	IDH1	HEL-216|HEL-S-26|IDCD|IDH|IDP|IDPC|PICD	HGNC:5382|MIM:147700|Ensembl:ENSG00000138413|HPRD:00984|Vega:OTTHUMG00000132943	2q33.3	isocitrate dehydrogenase 1 (NADP+), soluble
3486	IGFBP3	BP-53|IBP3	HGNC:5472|MIM:146732|Ensembl:ENSG00000146674|HPRD:00899|Vega:OTTHUMG00000023769	7p13-p12	insulin-like growth factor binding protein 3
3491	CYR61	CCN1|GIG1|IGFBP10	HGNC:2654|MIM:602369|Ensembl:ENSG00000142871|HPRD:09089|Vega:OTTHUMG00000010577	1p22.3	cysteine-rich, angiogenic inducer, 61
351	APP	AAA|ABETA|ABPP|AD1|APPI|CTFgamma|CVAP|PN-II|PN2	HGNC:620|MIM:104760|Ensembl:ENSG00000142192|HPRD:00100|Vega:OTTHUMG00000078438	21q21.3	amyloid beta (A4) precursor protein
3667	IRS1	HIRS-1	HGNC:6125|MIM:147545|Ensembl:ENSG00000169047|HPRD:00943|Vega:OTTHUMG00000133179	2q36	insulin receptor substrate 1
3673	ITGA2	BR|CD49B|GPIa|HPA-5|VLA-2|VLAA2	HGNC:6137|MIM:192974|Ensembl:ENSG00000164171|HPRD:01893|Vega:OTTHUMG00000131165	5q11.2	integrin, alpha 2 (CD49B, alpha 2 subunit of VLA-2 receptor)
3688	ITGB1	CD29|FNRB|GPIIA|MDF2|MSK12|VLA-BETA|VLAB	HGNC:6153|MIM:135630|Ensembl:ENSG00000150093|HPRD:00628|Vega:OTTHUMG00000017928	10p11.2	integrin, beta 1 (fibronectin receptor, beta polypeptide, antigen CD29 includes MDF2, MSK12)
3728	JUP	ARVD12|CTNNG|DP3|DPIII|PDGB|PKGB	HGNC:6207|MIM:173325|Ensembl:ENSG00000173801|HPRD:01414|Vega:OTTHUMG00000133494	17q21	junction plakoglobin
3732	CD82	4F9|C33|GR15|IA4|KAI1|R2|SAR2|ST6|TSPAN27	HGNC:6210|MIM:600623|HPRD:09004	11p11.2	CD82 molecule
3814	KISS1	HH13|KiSS-1	HGNC:6341|MIM:603286|Ensembl:ENSG00000170498|HPRD:04475|Vega:OTTHUMG00000036060	1q32	KiSS-1 metastasis-suppressor
389816	LRRC26	CAPC|bA350O14.10	HGNC:31409|MIM:613505|Ensembl:ENSG00000184709|HPRD:18397|Vega:OTTHUMG00000020980	9q34.3	leucine rich repeat containing 26
390	RND3	ARHE|Rho8|RhoE|memB	HGNC:671|MIM:602924|Ensembl:ENSG00000115963|HPRD:04233|Vega:OTTHUMG00000131859	2q23.3	Rho family GTPase 3
3934	LCN2	24p3|MSFI|NGAL	HGNC:6526|MIM:600181|Ensembl:ENSG00000148346|HPRD:02551|Vega:OTTHUMG00000020734	9q34	lipocalin 2
396	ARHGDIA	GDIA1|HEL-S-47e|NPHS8|RHOGDI|RHOGDI-1	HGNC:678|MIM:601925|Ensembl:ENSG00000141522|HPRD:03565|Vega:OTTHUMG00000178352	17q25.3	Rho GDP dissociation inhibitor (GDI) alpha
3965	LGALS9	HUAT|LGALS9A	HGNC:6570|MIM:601879|HPRD:03528	17q11.2	lectin, galactoside-binding, soluble, 9
397	ARHGDIB	D4|GDIA2|GDID4|LYGDI|Ly-GDI|RAP1GN1|RhoGDI2	HGNC:679|MIM:602843|Ensembl:ENSG00000111348|HPRD:04162|Vega:OTTHUMG00000168742	12p12.3	Rho GDP dissociation inhibitor (GDI) beta
3977	LIFR	CD118|LIF-R|SJS2|STWS|SWS	HGNC:6597|MIM:151443|Ensembl:ENSG00000113594|HPRD:01048|Vega:OTTHUMG00000131138	5p13-p12	leukemia inhibitory factor receptor alpha
4009	LMX1A	LMX1|LMX1.1	HGNC:6653|MIM:600298|Ensembl:ENSG00000162761|HPRD:02623|Vega:OTTHUMG00000034575	1q24.1	LIM homeobox transcription factor 1, alpha
406881	MIRLET7A1	LET7A1|MIRNLET7A1|let-7a-1	HGNC:31476|MIM:605386|Ensembl:ENSG00000199165|miRBase:MI0000060	9q22.32	microRNA let-7a-1
406885	MIRLET7C	LET7C|MIRNLET7C|hsa-let-7c|let-7c	HGNC:31480|MIM:612144|Ensembl:ENSG00000199030|miRBase:MI0000064	21q21.1	microRNA let-7c
406902	MIR10A	MIRN10A|hsa-mir-10a|miRNA10A|mir-10a	HGNC:31497|MIM:610173|Ensembl:ENSG00000257178|miRBase:MI0000266	17q21.32	microRNA 10a
406907	MIR124-1	MIR124A|MIR124A1|MIRN124-1|MIRN124A1	HGNC:31502|MIM:609327|Ensembl:ENSG00000253230|miRBase:MI0000443	8p23.1	microRNA 124-1
406913	MIR126	MIRN126|miRNA126	HGNC:31508|MIM:611767|miRBase:MI0000471	9q34.3	microRNA 126
406924	MIR134	MIRN134	HGNC:31519|MIM:610164|miRBase:MI0000474	14q32.31	microRNA 134
406928	MIR137	MIRN137|miR-137	HGNC:31523|MIM:614304|Ensembl:ENSG00000225206|miRBase:MI0000454	1p21.3	microRNA 137
406931	MIR139	MIR139-3p|MIRN139	HGNC:31526|MIM:615017|miRBase:MI0000261	11q13.4	microRNA 139
406932	MIR140	MIRN140|miRNA140	HGNC:31527|MIM:611894|miRBase:MI0000456	16q22.1	microRNA 140
406938	MIR146A	MIRN146|MIRN146A|miR-146a|miRNA146A	HGNC:31533|MIM:610566|Ensembl:ENSG00000253522|miRBase:MI0000477	5q34	microRNA 146a
406940	MIR148A	MIRN148|MIRN148A|hsa-mir-148	HGNC:31535|MIM:613786|Ensembl:ENSG00000199085|miRBase:MI0000253	7p15.2	microRNA 148a
406947	MIR155	MIRN155|miRNA155	HGNC:31542|MIM:609337|Ensembl:ENSG00000234883|miRBase:MI0000681	21q21.3	microRNA 155
406969	MIR194-1	MIRN194-1	HGNC:31564|MIM:610940|Ensembl:ENSG00000207624|miRBase:MI0000488	1q41	microRNA 194-1
406970	MIR194-2	MIRN194-2	HGNC:31565|MIM:610941|Ensembl:ENSG00000229719|miRBase:MI0000732	11q13.1	microRNA 194-2
406971	MIR195	MIRN195|miRNA195	HGNC:31566|MIM:610718|Ensembl:ENSG00000267532|miRBase:MI0000489	17p13.1	microRNA 195
406983	MIR200A	MIRN200A	HGNC:31578|MIM:612090|Ensembl:ENSG00000207607|miRBase:MI0000737	1p36.33	microRNA 200a
406984	MIR200B	MIRN200B	HGNC:31579|MIM:612091|Ensembl:ENSG00000207730|miRBase:MI0000342	1p36.33	microRNA 200b
406988	MIR205	MIRN205	HGNC:31583|MIM:613147|miRBase:MI0000285	1q32.2	microRNA 205
407026	MIR29C	MIRN29C|miRNA29C	HGNC:31621|MIM:610784|Ensembl:ENSG00000203709|miRBase:MI0000735	1q32.2	microRNA 29c
407029	MIR30A	MIRN30A	HGNC:31624|MIM:612329|Ensembl:ENSG00000207827|miRBase:MI0000088	6q13	microRNA 30a
407035	MIR31	MIRN31|hsa-mir-31|miR-31	HGNC:31630|MIM:612155|Ensembl:ENSG00000199177|miRBase:MI0000089	9p21.3	microRNA 31
407039	MIR33A	MIR33|MIRN33|MIRN33A|hsa-mir-33|hsa-mir-33a|miR-33|miRNA33A	HGNC:31634|MIM:612156|miRBase:MI0000091	22q13.2	microRNA 33a
407040	MIR34A	MIRN34A|miRNA34A|mir-34	HGNC:31635|MIM:611172|Ensembl:ENSG00000207865|miRBase:MI0000268	1p36.22|1p36.22	microRNA 34a
407041	MIR34B	MIRN34B|miRNA34B	HGNC:31636|MIM:611374|Ensembl:ENSG00000207811|miRBase:MI0000742	11q23.1	microRNA 34b
407043	MIR7-1	MIRN7-1|hsa-mir-7-1|mir-7-1	HGNC:31638|MIM:615239|miRBase:MI0000263	9q21.32	microRNA 7-1
407046	MIR9-1	MIRN9-1|hsa-mir-9-1|miRNA9-1	HGNC:31641|MIM:611186|miRBase:MI0000466	1q22	microRNA 9-1
407047	MIR9-2	MIRN9-2|hsa-mir-9-2|miRNA9-2	HGNC:31642|MIM:611187|Ensembl:ENSG00000245526|miRBase:MI0000467	5q14.3	microRNA 9-2
407055	MIR99A	MIRN99A	HGNC:31650|MIM:614509|Ensembl:ENSG00000207638|miRBase:MI0000101	21q21.1	microRNA 99a
4089	SMAD4	DPC4|JIP|MADH4|MYHRS	HGNC:6770|MIM:600993|Ensembl:ENSG00000141646|HPRD:02995|Vega:OTTHUMG00000132696	18q21.1	SMAD family member 4
4118	MAL	-	HGNC:6817|MIM:188860|Ensembl:ENSG00000172005|HPRD:01789|Vega:OTTHUMG00000132011	2q11.1	mal, T-cell differentiation protein
4303	FOXO4	AFX|AFX1|MLLT7	HGNC:7139|MIM:300033|Ensembl:ENSG00000184481|HPRD:02070|Vega:OTTHUMG00000021789	Xq13.1	forkhead box O4
4308	TRPM1	CSNB1C|LTRPC1|MLSN1	HGNC:7146|MIM:603576|Ensembl:ENSG00000134160|HPRD:04656|Vega:OTTHUMG00000129267	15q13.3	transient receptor potential cation channel, subfamily M, member 1
4317	MMP8	CLG1|HNC|MMP-8|PMNL-CL	HGNC:7175|MIM:120355|Ensembl:ENSG00000118113|HPRD:00385|Vega:OTTHUMG00000167587	11q22.3	matrix metallopeptidase 8 (neutrophil collagenase)
442890	MIR133B	MIRN133B|miRNA133B|mir-133b	HGNC:31759|MIM:610946|Ensembl:ENSG00000199080|miRBase:MI0000822	6p12.2	microRNA 133b
442893	MIR151A	MIR151|MIRN151|hsa-mir-151|hsa-mir-151a	HGNC:31762|miRBase:MI0000809	-	microRNA 151a
442904	MIR335	MIRN335|hsa-mir-335|miRNA335	HGNC:31773|MIM:611768|miRBase:MI0000816	7q32.2	microRNA 335
4482	MSRA	PMSR	HGNC:7377|MIM:601250|Ensembl:ENSG00000175806|HPRD:03152|Vega:OTTHUMG00000090517	8p23.1	methionine sulfoxide reductase A
4733	DRG1	NEDD3	HGNC:3029|MIM:603952|Ensembl:ENSG00000185721|HPRD:16034|Vega:OTTHUMG00000030792	22q12.2	developmentally regulated GTP binding protein 1
4758	NEU1	NANH|NEU|SIAL1	HGNC:7758|MIM:608272|Ensembl:ENSG00000204386|HPRD:09751|Vega:OTTHUMG00000031284	6p21.3	sialidase 1 (lysosomal sialidase)
4804	NGFR	CD271|Gp80-LNGFR|TNFRSF16|p75(NTR)|p75NTR	HGNC:7809|MIM:162010|Ensembl:ENSG00000064300|HPRD:01197|Vega:OTTHUMG00000161495	17q21-q22	nerve growth factor receptor
4830	NME1	AWD|GAAD|NB|NBS|NDKA|NDPK-A|NDPKA|NM23|NM23-H1	HGNC:7849|MIM:156490|Ensembl:ENSG00000239672|HPRD:01131|Vega:OTTHUMG00000137474	17q21.3	NME/NM23 nucleoside diphosphate kinase 1
4831	NME2	NDKB|NDPK-B|NDPKB|NM23-H2|NM23B|PUF	HGNC:7850|MIM:156491|Ensembl:ENSG00000011052|Ensembl:ENSG00000243678|HPRD:01132|Vega:OTTHUMG00000154062	17q21.3	NME/NM23 nucleoside diphosphate kinase 2
4832	NME3	DR-nm23|NDPK-C|NDPKC|NM23-H3|NM23H3|c371H6.2	HGNC:7851|MIM:601817|Ensembl:ENSG00000103024|HPRD:03488|Vega:OTTHUMG00000128635	16q13.3	NME/NM23 nucleoside diphosphate kinase 3
4843	NOS2	HEP-NOS|INOS|NOS|NOS2A	HGNC:7873|MIM:163730|Ensembl:ENSG00000007171|HPRD:01225|Vega:OTTHUMG00000132445	17q11.2	nitric oxide synthase 2, inducible
4923	NTSR1	NTR	HGNC:8039|MIM:162651|Ensembl:ENSG00000101188|HPRD:01218|Vega:OTTHUMG00000032932	20q13	neurotensin receptor 1 (high affinity)
5037	PEBP1	HCNP|HCNPpp|HEL-210|HEL-S-34|PBP|PEBP|PEBP-1|RKIP	HGNC:8630|MIM:604591|Ensembl:ENSG00000089220|HPRD:06850|Vega:OTTHUMG00000168860	12q24.23	phosphatidylethanolamine binding protein 1
5079	PAX5	ALL3|BSAP	HGNC:8619|MIM:167414|Ensembl:ENSG00000196092|HPRD:01334|Vega:OTTHUMG00000019907	9p13	paired box 5
51201	ZDHHC2	DHHC2|ZNF372	HGNC:18469|HPRD:15715	8p22	zinc finger, DHHC-type containing 2
51474	LIMA1	EPLIN|SREBP3	HGNC:24636|MIM:608364|Ensembl:ENSG00000050405|HPRD:09755|Vega:OTTHUMG00000169852	12q13	LIM domain and actin binding 1
51754	TMEM8B	C9orf127|NAG-5|NGX6	HGNC:21427|Ensembl:ENSG00000137103|HPRD:16674|Vega:OTTHUMG00000019885	9p13.3	transmembrane protein 8B
5176	SERPINF1	EPC-1|OI12|OI6|PEDF	HGNC:8824|MIM:172860|Ensembl:ENSG00000132386|HPRD:01408|Vega:OTTHUMG00000090571	17p13.3	serpin peptidase inhibitor, clade F (alpha-2 antiplasmin, pigment epithelium derived factor), member 1
5216	PFN1	ALS18	HGNC:8881|MIM:176610|Ensembl:ENSG00000108518|HPRD:01452|Vega:OTTHUMG00000099396	17p13.3	profilin 1
5268	SERPINB5	PI5|maspin	HGNC:8949|MIM:154790|Ensembl:ENSG00000206075|HPRD:01111|Vega:OTTHUMG00000141307	18q21.33	serpin peptidase inhibitor, clade B (ovalbumin), member 5
5310	PKD1	PBP|Pc-1|TRPP1	HGNC:9008|MIM:601313|Ensembl:ENSG00000008710|HPRD:03203|Vega:OTTHUMG00000155795	16p13.3	polycystic kidney disease 1 (autosomal dominant)
5320	PLA2G2A	MOM1|PLA2|PLA2B|PLA2L|PLA2S|PLAS1|sPLA2	HGNC:9031|MIM:172411|Ensembl:ENSG00000188257|HPRD:01397|Vega:OTTHUMG00000002699	1p35	phospholipase A2, group IIA (platelets, synovial fluid)
5340	PLG	-	HGNC:9071|MIM:173350|Ensembl:ENSG00000122194|HPRD:01417|Vega:OTTHUMG00000015957	6q26	plasminogen
54904	WHSC1L1	NSD3|pp14328	HGNC:12767|MIM:607083|Ensembl:ENSG00000147548|HPRD:06155|Vega:OTTHUMG00000165115	8p11.2	Wolf-Hirschhorn syndrome candidate 1-like 1
55893	ZNF395	HDBP-2|HDBP2|HDRF-2|PBF|PRF-1|PRF1|Si-1-8-14	HGNC:18737|MIM:609494|Ensembl:ENSG00000186918|HPRD:11711|Vega:OTTHUMG00000102137	8p21.1	zinc finger protein 395
5654	HTRA1	ARMD7|CARASIL|HtrA|L56|ORF480|PRSS11	HGNC:9476|MIM:602194|Ensembl:ENSG00000166033|HPRD:03725|Vega:OTTHUMG00000019186	10q26.3	HtrA serine peptidase 1
56888	KCMF1	DEBT91|FIGC|PCMF|ZZZ1	HGNC:20589|MIM:614719|Ensembl:ENSG00000176407|HPRD:13761|Vega:OTTHUMG00000153004	2p11.2	potassium channel modulatory factor 1
5728	PTEN	10q23del|BZS|CWS1|DEC|GLM2|MHAM|MMAC1|PTEN1|TEP1	HGNC:9588|MIM:601728|HPRD:03431	10q23.3	phosphatase and tensin homolog
5731	PTGER1	EP1	HGNC:9593|MIM:176802|Ensembl:ENSG00000160951|HPRD:08903|Vega:OTTHUMG00000039610	19p13.1	prostaglandin E receptor 1 (subtype EP1), 42kDa
5733	PTGER3	EP3|EP3-I|EP3-II|EP3-III|EP3-IV|EP3e|PGE2-R	HGNC:9595|MIM:176806|Ensembl:ENSG00000050628|HPRD:08906|Vega:OTTHUMG00000009399	1p31.2	prostaglandin E receptor 3 (subtype EP3)
574411	MIR451A	MIR451|MIRN451|hsa-mir-451|hsa-mir-451a	HGNC:32053|MIM:612071|Ensembl:ENSG00000264066|miRBase:MI0001729	17q11.2	microRNA 451a
574447	MIR146B	MIRN146B|miRNA146B	HGNC:32079|MIM:610567|Ensembl:ENSG00000202569|miRBase:MI0003129	10q24.32	microRNA 146b
57447	NDRG2	SYLD	HGNC:14460|MIM:605272|Ensembl:ENSG00000165795|HPRD:17630|Vega:OTTHUMG00000029619	14q11.2	NDRG family member 2
5920	RARRES3	HRASLS4|HRSL4|PLA1/2-3|RIG1|TIG3	HGNC:9869|MIM:605092|Ensembl:ENSG00000133321|HPRD:05479|Vega:OTTHUMG00000167850	11q23	retinoic acid receptor responder (tazarotene induced) 3
59343	SENP2	AXAM2|SMT3IP2	HGNC:23116|MIM:608261|HPRD:07002	3q27.2	SUMO1/sentrin/SMT3 specific peptidase 2
6050	RNH1	RAI|RNH	HGNC:10074|MIM:173320|Ensembl:ENSG00000023191|HPRD:01412|Vega:OTTHUMG00000119086	11p15.5	ribonuclease/angiogenin inhibitor 1
6240	RRM1	R1|RIR1|RR1	HGNC:10451|MIM:180410|Ensembl:ENSG00000167325|HPRD:01588|Vega:OTTHUMG00000133361	11p15.5	ribonucleotide reductase M1
6405	SEMA3F	SEMA-IV|SEMA4|SEMAK	HGNC:10728|MIM:601124|Ensembl:ENSG00000001617|HPRD:03079|Vega:OTTHUMG00000156806	3p21.3	sema domain, immunoglobulin domain (Ig), short basic domain, secreted, (semaphorin) 3F
6416	MAP2K4	JNKK|JNKK1|MAPKK4|MEK4|MKK4|PRKMK4|SAPKK-1|SAPKK1|SEK1|SERK1|SKK1	HGNC:6844|MIM:601335|Ensembl:ENSG00000065559|HPRD:03213|Vega:OTTHUMG00000178267	17p12	mitogen-activated protein kinase kinase 4
6418	SET	2PP2A|I2PP2A|IGAAD|IPP2A2|PHAPII|TAF-I|TAF-IBETA	HGNC:10760|MIM:600960|Ensembl:ENSG00000119335|HPRD:09023|Vega:OTTHUMG00000020755	9q34	SET nuclear oncogene
6422	SFRP1	FRP|FRP-1|FRP1|FrzA|SARP2	HGNC:10776|MIM:604156|Ensembl:ENSG00000104332|HPRD:09165|Vega:OTTHUMG00000164074	8p11.21	secreted frizzled-related protein 1
6464	SHC1	SHC|SHCA	HGNC:10840|MIM:600560|Ensembl:ENSG00000160691|HPRD:02780|Vega:OTTHUMG00000037295	1q21	SHC (Src homology 2 domain containing) transforming protein 1
6497	SKI	SGS|SKV	HGNC:10896|MIM:164780|Ensembl:ENSG00000157933|HPRD:01271|Vega:OTTHUMG00000001407	1p36.33	v-ski avian sarcoma viral oncogene homolog
652	BMP4	BMP2B|BMP2B1|MCOPS6|OFC11|ZYME	HGNC:1071|MIM:112262|Ensembl:ENSG00000125378|HPRD:00207|Vega:OTTHUMG00000140303	14q22-q23	bone morphogenetic protein 4
6664	SOX11	-	HGNC:11191|MIM:600898|Ensembl:ENSG00000176887|HPRD:02940|Vega:OTTHUMG00000090333	2p25	SRY (sex determining region Y)-box 11
6850	SYK	p72-Syk	HGNC:11491|MIM:600085|Ensembl:ENSG00000165025|HPRD:02514|Vega:OTTHUMG00000020200	9q22	spleen tyrosine kinase
7040	TGFB1	CED|DPD1|LAP|TGFB|TGFbeta	HGNC:11766|MIM:190180|HPRD:01821	19q13.1	transforming growth factor, beta 1
7057	THBS1	THBS|THBS-1|TSP|TSP-1|TSP1	HGNC:11785|MIM:188060|HPRD:01765	15q15	thrombospondin 1
7068	THRB	C-ERBA-2|C-ERBA-BETA|ERBA2|GRTH|NR1A2|PRTH|THR1|THRB1|THRB2	HGNC:11799|MIM:190160|Ensembl:ENSG00000151090|HPRD:07521|Vega:OTTHUMG00000130478	3p24.2	thyroid hormone receptor, beta
7071	KLF10	EGR-alpha|EGRA|TIEG|TIEG1	HGNC:11810|MIM:601878|Ensembl:ENSG00000155090|HPRD:03527|Vega:OTTHUMG00000164735	8q22.2	Kruppel-like factor 10
7076	TIMP1	CLGI|EPA|EPO|HCI|TIMP	HGNC:11820|MIM:305370|Ensembl:ENSG00000102265|HPRD:02371|Vega:OTTHUMG00000021447	Xp11.3-p11.23	TIMP metallopeptidase inhibitor 1
7077	TIMP2	CSC-21K|DDC8	HGNC:11821|MIM:188825|Ensembl:ENSG00000035862|HPRD:01784|Vega:OTTHUMG00000154517	17q25	TIMP metallopeptidase inhibitor 2
7078	TIMP3	HSMRK222|K222|K222TA2|SFD	HGNC:11822|MIM:188826|Ensembl:ENSG00000100234|HPRD:01785|Vega:OTTHUMG00000030784	22q12.3	TIMP metallopeptidase inhibitor 3
7079	TIMP4	-	HGNC:11823|MIM:601915|Ensembl:ENSG00000157150|HPRD:03557|Vega:OTTHUMG00000129763	3p25	TIMP metallopeptidase inhibitor 4
7080	NKX2-1	BCH|BHC|NK-2|NKX2.1|NKX2A|TEBP|TITF1|TTF-1|TTF1	HGNC:11825|MIM:600635|Ensembl:ENSG00000136352|HPRD:02798|Vega:OTTHUMG00000140225	14q13	NK2 homeobox 1
7145	TNS1	MST091|MST122|MST127|MSTP122|MSTP127|MXRA6|PPP1R155|TNS	HGNC:11973|MIM:600076|Ensembl:ENSG00000079308|HPRD:02512|Vega:OTTHUMG00000133056	2q35-q36	tensin 1
7291	TWIST1	ACS3|BPES2|BPES3|CRS|CRS1|SCS|TWIST|bHLHa38	HGNC:12428|MIM:601622|Ensembl:ENSG00000122691|HPRD:03374|Vega:OTTHUMG00000090821	7p21.2	twist family bHLH transcription factor 1
7297	TYK2	JTK1	HGNC:12440|MIM:176941|Ensembl:ENSG00000105397|HPRD:01490|Vega:OTTHUMG00000166373	19p13.2	tyrosine kinase 2
7555	CNBP	CNBP1|DM2|PROMM|RNF163|ZCCHC22|ZNF9	HGNC:13164|MIM:116955|Ensembl:ENSG00000169714|HPRD:00311|Vega:OTTHUMG00000159943	3q21	CCHC-type zinc finger, nucleic acid binding protein
79365	BHLHE41	BHLHB3|DEC2|SHARP1|hDEC2	HGNC:16617|MIM:606200|Ensembl:ENSG00000123095|HPRD:16204|Vega:OTTHUMG00000169174	12p12.1	basic helix-loop-helix family, member e41
7980	TFPI2	PP5|REF1|TFPI-2	HGNC:11761|MIM:600033|Ensembl:ENSG00000105825|HPRD:08962|Vega:OTTHUMG00000022963	7q22	tissue factor pathway inhibitor 2
8111	GPR68	GPR12A|OGR1	HGNC:4519|MIM:601404|Ensembl:ENSG00000119714|HPRD:03241|Vega:OTTHUMG00000167590	14q31	G protein-coupled receptor 68
81671	VMP1	EPG3|TANGO5|TMEM49	HGNC:29559|MIM:611753|Ensembl:ENSG00000062716|HPRD:15649|Vega:OTTHUMG00000179882	17q23.1	vacuole membrane protein 1
8260	NAA10	ARD1|ARD1A|ARD1P|DXS707|MCOPS1|NATD|TE2	HGNC:18704|MIM:300013|HPRD:02056	Xq28	N(alpha)-acetyltransferase 10, NatA catalytic subunit
836	CASP3	CPP32|CPP32B|SCA-1	HGNC:1504|MIM:600636|Ensembl:ENSG00000164305|HPRD:02799|Vega:OTTHUMG00000133681	4q34	caspase 3, apoptosis-related cysteine peptidase
838	CASP5	ICE(rel)III|ICEREL-III|ICH-3	HGNC:1506|MIM:602665|Ensembl:ENSG00000137757|HPRD:04048|Vega:OTTHUMG00000048073	11q22.2-q22.3	caspase 5, apoptosis-related cysteine peptidase
83933	HDAC10	HD10	HGNC:18128|MIM:608544|Ensembl:ENSG00000100429|HPRD:09407|Vega:OTTHUMG00000044647	22q13.31	histone deacetylase 10
8404	SPARCL1	MAST 9|MAST9|PIG33|SC1	HGNC:11220|MIM:606041|Ensembl:ENSG00000152583|HPRD:06919|Vega:OTTHUMG00000130605	4q22.1	SPARC-like 1 (hevin)
841	CASP8	ALPS2B|CAP4|Casp-8|FLICE|MACH|MCH5	HGNC:1509|MIM:601763|Ensembl:ENSG00000064012|HPRD:03459|Vega:OTTHUMG00000132821	2q33-q34	caspase 8, apoptosis-related cysteine peptidase
8434	RECK	ST15	HGNC:11345|MIM:605227|Ensembl:ENSG00000122707|HPRD:05567|Vega:OTTHUMG00000019898	9p13.3	reversion-inducing-cysteine-rich protein with kazal motifs
84513	PPAPDC1B	DPPL1|HTPAP	HGNC:25026|MIM:610626|Ensembl:ENSG00000147535|HPRD:13720|Vega:OTTHUMG00000165104	8p11.23	phosphatidic acid phosphatase type 2 domain containing 1B
84700	MYO18B	-	HGNC:18150|MIM:607295|Ensembl:ENSG00000133454|HPRD:09529|Vega:OTTHUMG00000151129	22q12.1	myosin XVIIIB
8626	TP63	AIS|B(p51A)|B(p51B)|EEC3|KET|LMS|NBP|OFC8|RHS|SHFM4|TP53CP|TP53L|TP73L|p40|p51|p53CP|p63|p73H|p73L	HGNC:15979|MIM:603273|Ensembl:ENSG00000073282|HPRD:04469|Vega:OTTHUMG00000156313	3q28	tumor protein p63
8635	RNASET2	RNASE6PL|bA514O12.3	HGNC:21686|MIM:612944|Ensembl:ENSG00000026297|HPRD:10197|Vega:OTTHUMG00000016009	6q27	ribonuclease T2
864	RUNX3	AML2|CBFA3|PEBP2aC	HGNC:10473|MIM:600210|Ensembl:ENSG00000020633|HPRD:02565|Vega:OTTHUMG00000003316	1p36	runt-related transcription factor 3
8743	TNFSF10	APO2L|Apo-2L|CD253|TL2|TRAIL	HGNC:11925|MIM:603598|Ensembl:ENSG00000121858|HPRD:04670|Vega:OTTHUMG00000156917	3q26	tumor necrosis factor (ligand) superfamily, member 10
8795	TNFRSF10B	CD262|DR5|KILLER|KILLER/DR5|TRAIL-R2|TRAILR2|TRICK2|TRICK2A|TRICK2B|TRICKB|ZTNFR9	HGNC:11905|MIM:603612|Ensembl:ENSG00000120889|HPRD:04680|Vega:OTTHUMG00000097826	8p22-p21	tumor necrosis factor receptor superfamily, member 10b
8797	TNFRSF10A	APO2|CD261|DR4|TRAILR-1|TRAILR1	HGNC:11904|MIM:603611|HPRD:04679	8p21	tumor necrosis factor receptor superfamily, member 10a
9076	CLDN1	CLD1|ILVASC|SEMP1	HGNC:2032|MIM:603718|Ensembl:ENSG00000163347|HPRD:04760|Vega:OTTHUMG00000156214	3q28-q29	claudin 1
90993	CREB3L1	OASIS	HGNC:18856|Ensembl:ENSG00000157613|HPRD:16751|Vega:OTTHUMG00000166423	11p11.2	cAMP responsive element binding protein 3-like 1
9211	LGI1	ADLTE|ADPAEF|ADPEAF|EPITEMPIN|EPT|ETL1|IB1099	HGNC:6572|MIM:604619|Ensembl:ENSG00000108231|HPRD:05216|Vega:OTTHUMG00000018777	10q24	leucine-rich, glioma inactivated 1
928	CD9	BTCC-1|DRAP-27|MIC3|MRP-1|TSPAN-29|TSPAN29	HGNC:1709|MIM:143030|Ensembl:ENSG00000010278|HPRD:00880|Vega:OTTHUMG00000044400	12p13.3	CD9 molecule
9314	KLF4	EZF|GKLF	HGNC:6348|MIM:602253|Ensembl:ENSG00000136826|Vega:OTTHUMG00000020449	9q31	Kruppel-like factor 4 (gut)
9353	SLIT2	SLIL3|Slit-2	HGNC:11086|MIM:603746|Ensembl:ENSG00000145147|HPRD:04776|Vega:OTTHUMG00000128551	4p15.2	slit homolog 2 (Drosophila)
9439	MED23	ARC130|CRSP130|CRSP133|CRSP3|DRIP130|MRT18|SUR-2|SUR2	HGNC:2372|MIM:605042|Ensembl:ENSG00000112282|HPRD:05436|Vega:OTTHUMG00000015565	6q22.33-q24.1	mediator complex subunit 23
9462	RASAL2	NGAP	HGNC:9874|MIM:606136|Ensembl:ENSG00000075391|HPRD:05845|Vega:OTTHUMG00000035022	1q24	RAS protein activator like 2
9500	MAGED1	DLXIN-1|NRAGE	HGNC:6813|MIM:300224|Ensembl:ENSG00000179222|HPRD:02202|Vega:OTTHUMG00000021540	Xp11.23	melanoma antigen family D, 1
9590	AKAP12	AKAP250|SSeCKS	HGNC:370|MIM:604698|Ensembl:ENSG00000131016|HPRD:05263	6q24-q25	A kinase (PRKA) anchor protein 12
960	CD44	CDW44|CSPG8|ECMR-III|HCELL|HUTCH-I|IN|LHR|MC56|MDU2|MDU3|MIC4|Pgp1	HGNC:1681|MIM:107269|Ensembl:ENSG00000026508|HPRD:00115|Vega:OTTHUMG00000044388	11p13	CD44 molecule (Indian blood group)
967	CD63	LAMP-3|ME491|MLA1|OMA81H|TSPAN30	HGNC:1692|MIM:155740|Ensembl:ENSG00000135404|HPRD:01121|Vega:OTTHUMG00000170454	12q12-q13	CD63 molecule
9788	MTSS1	MIM|MIMA|MIMB	HGNC:20443|MIM:608486|Ensembl:ENSG00000170873|HPRD:12243|Vega:OTTHUMG00000048189	8p22	metastasis suppressor 1
999	CDH1	Arc-1|CD324|CDHE|ECAD|LCAM|UVO	HGNC:1748|MIM:192090|Ensembl:ENSG00000039068|HPRD:01885|Vega:OTTHUMG00000137561	16q22.1	cadherin 1, type 1, E-cadherin (epithelial)
